"연번","미디어타입","제목","장소명","장소타입","장소설명","영업시간","브레이크타임","휴무일","주소","위도","경도","전화번호","최종작성일"
"16000","show","흑백요리사 시즌1","윤서울","restaurant","흑백요리사 시즌1 참가. 쉐프: 김도윤","정보없음","정보없음","정보없음","서울 강남구 선릉로 805","37.5241350","127.0389980","정보없음","2026-01-29"
"16001","show","흑백요리사 시즌1","모리노아루요","restaurant","흑백요리사 시즌1 참가. 쉐프: 김승민","정보없음","정보없음","정보없음","제주 제주시 애월읍 하소로 769-58","33.4186632","126.4010728","정보없음","2026-01-29"
"16002","show","흑백요리사 시즌1","로컬릿","restaurant","흑백요리사 시즌1 참가. 쉐프: 남정석","정보없음","정보없음","정보없음","서울 성동구 한림말길 33","37.5409746","127.0147495","정보없음","2026-01-29"
"16003","show","흑백요리사 시즌1","그린볼","restaurant","흑백요리사 시즌1 참가. 쉐프: 남정석","정보없음","정보없음","정보없음","강원 강릉시 산양큰길22번길 30","37.7787343","128.9174958","정보없음","2026-01-29"
"16004","show","흑백요리사 시즌1","카페 오쁘띠베르","restaurant","흑백요리사 시즌1 참가. 쉐프: 박준우","정보없음","정보없음","정보없음","서울 종로구 자하문로 47-1","37.5802707","126.9710002","정보없음","2026-01-29"
"16005","show","흑백요리사 시즌1","깃든","restaurant","흑백요리사 시즌1 참가. 쉐프: 방기수","정보없음","정보없음","정보없음","서울 강북구 월계로7나길 46-5","37.6132702","127.0316957","정보없음","2026-01-29"
"16006","show","흑백요리사 시즌1","가매일식","restaurant","흑백요리사 시즌1 참가. 쉐프: 안유성","정보없음","정보없음","정보없음","광주광역시 서구 상무대로 1104-26","35.1525099","126.8838142","정보없음","2026-01-29"
"16007","show","흑백요리사 시즌1","광주옥1947","restaurant","흑백요리사 시즌1 참가. 쉐프: 안유성","정보없음","정보없음","정보없음","광주광역시 서구 상무대로 1104-20","35.1524831","126.8835687","정보없음","2026-01-29"
"16008","show","흑백요리사 시즌1","장수나주곰탕","restaurant","흑백요리사 시즌1 참가. 쉐프: 안유성","정보없음","정보없음","정보없음","광주광역시 서구 대남대로487번길 14","35.1516593","126.8841531","정보없음","2026-01-29"
"16009","show","흑백요리사 시즌1","홍보각","restaurant","흑백요리사 시즌1 참가. 쉐프: 여경래","정보없음","정보없음","정보없음","서울 강남구 봉은사로 130","37.5052988","127.0289651","정보없음","2026-01-29"
"16010","show","흑백요리사 시즌1","친밀 제주","restaurant","흑백요리사 시즌1 참가. 쉐프: 오세득","정보없음","정보없음","정보없음","제주 제주시 조천읍 남조로 1781","33.4269266","126.6736656","정보없음","2026-01-29"
"16011","show","흑백요리사 시즌1","오팬파이어","restaurant","흑백요리사 시즌1 참가. 쉐프: 오세득","정보없음","정보없음","정보없음","제주 제주시 조천읍 남조로 1781","33.4269266","126.6736656","정보없음","2026-01-29"
"16012","show","흑백요리사 시즌1","나경버섯농가","restaurant","흑백요리사 시즌1 참가. 쉐프: 이영숙","정보없음","정보없음","정보없음","충남 부여군 석성면 비당로109번길 100","36.2180984","127.0061563","정보없음","2026-01-29"
"16013","show","흑백요리사 시즌1","610 Magnolia","restaurant","흑백요리사 시즌1 참가. 쉐프: 에드워드 리","정보없음","정보없음","정보없음","610 W Magnolia Ave, Louisville, KY, USA","0.0","0.0","정보없음","2026-01-29"
"16014","show","흑백요리사 시즌1","Nami Modern Korean Steak House","restaurant","흑백요리사 시즌1 참가. 쉐프: 에드워드 리","정보없음","정보없음","정보없음","835 E Main St, Louisville, KY 40206, USA","0.0","0.0","정보없음","2026-01-29"
"16015","show","흑백요리사 시즌1","네기라이브","restaurant","흑백요리사 시즌1 참가. 쉐프: 장호준","정보없음","정보없음","정보없음","서울 성동구 성수이로 97","37.5436565","127.0566125","정보없음","2026-01-29"
"16016","show","흑백요리사 시즌1","네기다이닝라운지","restaurant","흑백요리사 시즌1 참가. 쉐프: 장호준","정보없음","정보없음","정보없음","서울 강남구 도산대로15길 18","37.5194838","127.0240503","정보없음","2026-01-29"
"16017","show","흑백요리사 시즌1","티엔미미 강남점","restaurant","흑백요리사 시즌1 참가. 쉐프: 정지선","정보없음","정보없음","정보없음","서울 서초구 사임당로 143 104-1~3","37.4918563","127.0252522","정보없음","2026-01-29"
"16018","show","흑백요리사 시즌1","에빗","restaurant","흑백요리사 시즌1 참가. 쉐프: 조셉 리저우드","정보없음","정보없음","정보없음","서울 강남구 도산대로45길 10-5","37.5234319","127.0362071","정보없음","2026-01-29"
"16019","show","흑백요리사 시즌1","터치 더 스카이","restaurant","흑백요리사 시즌1 참가. 쉐프: 조은주","정보없음","정보없음","정보없음","서울 영등포구 여의도동 63로 50","37.5167929","126.9360112","정보없음","2026-01-29"
"16020","show","흑백요리사 시즌1","식당네오","restaurant","흑백요리사 시즌1 참가. 쉐프: 최강록","정보없음","정보없음","정보없음","서울 송파구 삼전로12길 4","37.5064034","127.0903963","정보없음","2026-01-29"
"16021","show","흑백요리사 시즌1","리북방","restaurant","흑백요리사 시즌1 참가. 쉐프: 최지형","정보없음","정보없음","정보없음","서울 마포구 마포대로1길 16","37.5397175","126.9431357","정보없음","2026-01-29"
"16022","show","흑백요리사 시즌1","달리아 다이닝","restaurant","흑백요리사 시즌1 참가. 쉐프: 최현석","정보없음","정보없음","정보없음","서울 강남구 도산대로45길 14","37.5232378","127.0357986","정보없음","2026-01-29"
"16023","show","흑백요리사 시즌1","쵸이닷","restaurant","흑백요리사 시즌1 참가. 쉐프: 최현석","정보없음","정보없음","정보없음","서울 강남구 도산대로 457","37.5244489","127.0465625","정보없음","2026-01-29"
"16024","show","흑백요리사 시즌1","중앙감속기","restaurant","흑백요리사 시즌1 참가. 쉐프: 최현석","정보없음","정보없음","정보없음","서울 성동구 성수일로6길 7-1","37.5455751","127.0510924","정보없음","2026-01-29"
"16025","show","흑백요리사 시즌1","파브리키친","restaurant","흑백요리사 시즌1 참가. 쉐프: 파브리","정보없음","정보없음","정보없음","서울 용산구 한강대로15길 23-6","37.5261777","126.9627204","정보없음","2026-01-29"
"16026","show","흑백요리사 시즌1","진진","restaurant","흑백요리사 시즌1 참가. 쉐프: 황진선","정보없음","정보없음","정보없음","서울 마포구 월드컵북로1길 60","37.5538022","126.9184110","정보없음","2026-01-29"
"16027","show","흑백요리사 시즌1","에다마메 남영","restaurant","흑백요리사 시즌1 참가. 쉐프: 간귀","정보없음","정보없음","정보없음","서울 용산구 한강대로76길 11-40","37.5424354","126.9737210","정보없음","2026-01-29"
"16028","show","흑백요리사 시즌1","군몽","restaurant","흑백요리사 시즌1 참가. 쉐프: 고기깡패","정보없음","정보없음","정보없음","서울 용산구 한강대로27가길 15","0.0","0.0","정보없음","2026-01-29"
"16029","show","흑백요리사 시즌1","비아톨레도파스타바","restaurant","흑백요리사 시즌1 참가. 쉐프: 나폴리 맛피아","정보없음","정보없음","정보없음","서울 용산구 원효로83길 7-2","37.5400709","126.9677506","정보없음","2026-01-29"
"16030","show","흑백요리사 시즌1","조광201","restaurant","흑백요리사 시즌1 참가. 쉐프: 만찢남","정보없음","정보없음","정보없음","서울 송파구 새말로10길 8","37.4822405","127.1273298","정보없음","2026-01-29"
"16031","show","흑백요리사 시즌1","조광101","restaurant","흑백요리사 시즌1 참가. 쉐프: 만찢남","정보없음","정보없음","정보없음","서울 송파구 새말로10길 8","37.4822405","127.1273298","정보없음","2026-01-29"
"16032","show","흑백요리사 시즌1","마마리마켓","restaurant","흑백요리사 시즌1 참가. 쉐프: 반찬 셰프","정보없음","정보없음","정보없음","서울 성동구 연무장18길 16","37.5393232","127.0619767","정보없음","2026-01-29"
"16033","show","흑백요리사 시즌1","마마리다이닝","restaurant","흑백요리사 시즌1 참가. 쉐프: 반찬 셰프","정보없음","정보없음","정보없음","서울 영등포구 국제금융로 10 IFC몰 L3층 306호","37.5255723","126.9266143","정보없음","2026-01-29"
"16034","show","흑백요리사 시즌1","Buto","restaurant","흑백요리사 시즌1 참가. 쉐프: 셀럽의 셰프","정보없음","정보없음","정보없음","서울 용산구 한남대로27가길 32","37.5381203","127.0025674","정보없음","2026-01-29"
"16035","show","흑백요리사 시즌1","야키토리묵","restaurant","흑백요리사 시즌1 참가. 쉐프: 야키토리왕","정보없음","정보없음","정보없음","서울 마포구 성미산로 165-1","37.5646628","126.9245686","정보없음","2026-01-29"
"16036","show","흑백요리사 시즌1","남영탉","restaurant","흑백요리사 시즌1 참가. 쉐프: 영탉","정보없음","정보없음","정보없음","서울 용산구 한강대로80길","0.0","0.0","정보없음","2026-01-29"
"16037","show","흑백요리사 시즌1","디핀옥수","restaurant","흑백요리사 시즌1 참가. 쉐프: 요리하는 돌아이","정보없음","정보없음","정보없음","서울 중구 퇴계로 411","37.5657846","127.0172306","정보없음","2026-01-29"
"16038","show","흑백요리사 시즌1","본연","restaurant","흑백요리사 시즌1 참가. 쉐프: 원투쓰리","정보없음","정보없음","정보없음","서울 강남구 논현로 742","37.5182879","127.0292407","정보없음","2026-01-29"
"16039","show","흑백요리사 시즌1","즐거운술상","restaurant","흑백요리사 시즌1 참가. 쉐프: 이모카세1호","정보없음","정보없음","정보없음","서울 도봉구 노해로 341 117호","37.6514553","127.0459347","정보없음","2026-01-29"
"16040","show","흑백요리사 시즌1","을지로보석","restaurant","흑백요리사 시즌1 참가. 쉐프: 장사천재 조사장","정보없음","정보없음","정보없음","서울 중구 마른내로11-10","37.5651478","126.9892464","정보없음","2026-01-29"
"16041","show","흑백요리사 시즌1","그랜드 마제스틱","restaurant","흑백요리사 시즌1 참가. 쉐프: 중식여신","정보없음","정보없음","정보없음","Central Magistracy, Tai Kwun, 1 Arbuthnot Rd, Central, Hong Kong","0.0","0.0","정보없음","2026-01-29"
"16042","show","흑백요리사 시즌1","도량","restaurant","흑백요리사 시즌1 참가. 쉐프: 철가방 요리사","정보없음","정보없음","정보없음","서울 종로구 자하문로6길 6 2층","37.5779748","126.9725155","정보없음","2026-01-29"
"16043","show","흑백요리사 시즌1","나우 남영","restaurant","흑백요리사 시즌1 참가. 쉐프: 키친갱스터","정보없음","정보없음","정보없음","서울 용산구 원효로89길 23","37.5407387","126.9677201","정보없음","2026-01-29"
"16044","show","흑백요리사 시즌1","트리드","restaurant","흑백요리사 시즌1 참가. 쉐프: 트리플스타","정보없음","정보없음","정보없음","서울 강남구 선릉로162길 16","37.5266806","127.0416976","정보없음","2026-01-29"
"16045","show","흑백요리사 시즌1","포노부오노","restaurant","흑백요리사 시즌1 참가. 쉐프: 히든천재","정보없음","정보없음","정보없음","서울 강남구 도산대로45길 8-7","37.5230390","127.0364118","정보없음","2026-01-29"
"16046","show","흑백요리사 시즌1","오늘의초밥","restaurant","흑백요리사 시즌1 참가. 쉐프: 50억 초밥왕","정보없음","정보없음","정보없음","경기 수원시 영통구 센트럴파크로127번길 18","37.2953392","127.0552454","정보없음","2026-01-29"
"16047","show","흑백요리사 시즌1","넘은 봄","restaurant","흑백요리사 시즌1 참가. 쉐프: B급 셰프","정보없음","정보없음","정보없음","제주 제주시 구좌읍 김녕로1길 75-1","33.5579833","126.7512896","정보없음","2026-01-29"
"16048","show","흑백요리사 시즌1","가야가야 이대점","restaurant","흑백요리사 시즌1 참가. 쉐프: 골목식당 1호","정보없음","정보없음","정보없음","서울 서대문구 이화여대5길 7-3","37.5581756","126.9453967","정보없음","2026-01-29"
"16049","show","흑백요리사 시즌1","스시논데","restaurant","흑백요리사 시즌1 참가. 쉐프: 광속요리사","정보없음","정보없음","정보없음","서울 종로구 종로18길 37","37.5686710","126.9915039","정보없음","2026-01-29"
"16050","show","흑백요리사 시즌1","스낵바논데","restaurant","흑백요리사 시즌1 참가. 쉐프: 광속요리사","정보없음","정보없음","정보없음","서울 성동구 왕십리로 58","37.5427172","127.0452444","정보없음","2026-01-29"
"16051","show","흑백요리사 시즌1","참치논데","restaurant","흑백요리사 시즌1 참가. 쉐프: 광속요리사","정보없음","정보없음","정보없음","서울 광진구 능동로37길 35","37.5585345","127.0779077","정보없음","2026-01-29"
"16052","show","흑백요리사 시즌1","팔발라","restaurant","흑백요리사 시즌1 참가. 쉐프: 돌아온 소년","정보없음","정보없음","정보없음","서울 종로구 삼청로 61","37.5813351","126.9806419","정보없음","2026-01-29"
"16053","show","흑백요리사 시즌1","에이넷","restaurant","흑백요리사 시즌1 참가. 쉐프: 돌아온 소년","정보없음","정보없음","정보없음","서울 강남구 논현로159길 46-6","37.5224390","127.0244808","정보없음","2026-01-29"
"16054","show","흑백요리사 시즌1","카페 윰드","restaurant","흑백요리사 시즌1 참가. 쉐프: 멜버른 베스트","정보없음","정보없음","정보없음","서울 강남구 도산대로58길 18","37.5220664","127.0412209","정보없음","2026-01-29"
"16055","show","흑백요리사 시즌1","피델리오","restaurant","흑백요리사 시즌1 참가. 쉐프: 방구석 다이닝","정보없음","정보없음","정보없음","서울 마포구 월드컵로19길 31-1","37.5560360","126.9079578","정보없음","2026-01-29"
"16056","show","흑백요리사 시즌1","블그레","restaurant","흑백요리사 시즌1 참가. 쉐프: 봉주부","정보없음","정보없음","정보없음","서울 강남구 논현로175길 101-4","37.5224806","127.0210251","정보없음","2026-01-29"
"16057","show","흑백요리사 시즌1","라운지 바이 블그레","restaurant","흑백요리사 시즌1 참가. 쉐프: 봉주부","정보없음","정보없음","정보없음","서울 강남구 논현로175길 101-4","37.5224806","127.0210251","정보없음","2026-01-29"
"16058","show","흑백요리사 시즌1","마늘집","restaurant","흑백요리사 시즌1 참가. 쉐프: 뷔페집 둘째딸","정보없음","정보없음","정보없음","서울 마포구 양화로3길 15","37.5496393","126.9114854","정보없음","2026-01-29"
"16059","show","흑백요리사 시즌1","전주비빔소리","restaurant","흑백요리사 시즌1 참가. 쉐프: 비빔대왕 유비빔","정보없음","정보없음","정보없음","전북 전주시 덕진구 건지산로 53-3","35.8552472","127.1361328","정보없음","2026-01-29"
"16060","show","흑백요리사 시즌1","로기","restaurant","흑백요리사 시즌1 참가. 쉐프: 시크릿코스","정보없음","정보없음","정보없음","서울 용산구 한남대로27가길 32","37.5381203","127.0025674","정보없음","2026-01-29"
"16061","show","흑백요리사 시즌1","심야식당 세이지","restaurant","흑백요리사 시즌1 참가. 쉐프: 일식 타짜","정보없음","정보없음","정보없음","서울 은평구 연서로27길 13-6","37.6179127","126.9175968","정보없음","2026-01-29"
"16062","show","흑백요리사 시즌1","나카지마 고에몽","restaurant","흑백요리사 시즌1 참가. 쉐프: 일식 타짜","정보없음","정보없음","정보없음","서울 영등포구 국회대로54길 10","37.5238292","126.9074456","정보없음","2026-01-29"
"16063","show","흑백요리사 시즌1","아오이토리","restaurant","흑백요리사 시즌1 참가. 쉐프: 제빵요리사","정보없음","정보없음","정보없음","서울 마포구 와우산로29길 8","37.5547800","126.9294574","정보없음","2026-01-29"
"16064","show","흑백요리사 시즌1","언니네시골집 게스트하우스","restaurant","흑백요리사 시즌1 참가. 쉐프: 제주 게하 셰프","정보없음","정보없음","정보없음","제주 제주시 한경면 용수3길 38","33.3246201","126.1658093","정보없음","2026-01-29"
"16065","show","흑백요리사 시즌1","잭잭","restaurant","흑백요리사 시즌1 참가. 쉐프: 짹짹이","정보없음","정보없음","정보없음","서울 용산구 회나무로6길 21","37.5380045","126.9888735","정보없음","2026-01-29"
"16066","show","흑백요리사 시즌1","팔공산 엄마밥상","restaurant","흑백요리사 시즌1 참가. 쉐프: 천만 백반","정보없음","정보없음","정보없음","경북 칠곡군 동명면 팔공산로 157","35.9995070","128.6062903","정보없음","2026-01-29"
"16067","show","흑백요리사 시즌1","미트컬쳐","restaurant","흑백요리사 시즌1 참가. 쉐프: 청와대 셰프","정보없음","정보없음","정보없음","강원 강릉시 경강로 2629","37.7721648","128.9467873","정보없음","2026-01-29"
"16068","show","흑백요리사 시즌1","101chickenusa","restaurant","흑백요리사 시즌1 참가. 쉐프: 치킨대통령","정보없음","정보없음","정보없음","2151 Lemoine Ave, Fort Lee, NJ 07024, USA","0.0","0.0","정보없음","2026-01-29"
"16069","show","흑백요리사 시즌1","엘몰리노","restaurant","흑백요리사 시즌1 참가. 쉐프: 코리안 타코킹","정보없음","정보없음","정보없음","서울 성동구 서울숲2길 19-18","37.5474265","127.0411671","정보없음","2026-01-29"
"16070","show","흑백요리사 시즌1","라까예","restaurant","흑백요리사 시즌1 참가. 쉐프: 코리안 타코킹","정보없음","정보없음","정보없음","서울 중구 퇴계로85길 42","37.5676378","127.0197723","정보없음","2026-01-29"
"16071","show","흑백요리사 시즌1","에스콘디도","restaurant","흑백요리사 시즌1 참가. 쉐프: 코리안 타코킹","정보없음","정보없음","정보없음","서울 용산구 한남대로20길 61-7","37.5351791","127.0104879","정보없음","2026-01-29"
"16072","show","흑백요리사 시즌1","와일드플라워","restaurant","흑백요리사 시즌1 참가. 쉐프: 쿠킹 텔러","정보없음","정보없음","정보없음","서울 서초구 방배로26길 19","37.4894420","126.9939175","정보없음","2026-01-29"
"16073","show","흑백요리사 시즌1","아타리","restaurant","흑백요리사 시즌1 참가. 쉐프: 통닭맨","정보없음","정보없음","정보없음","서울 성동구 성덕정19길 13","37.5375638","127.0566907","정보없음","2026-01-29"
"16074","show","흑백요리사 시즌1","야키토리혼바","restaurant","흑백요리사 시즌1 참가. 쉐프: 통닭맨","정보없음","정보없음","정보없음","서울 용산구 후암로 79","37.5528666","126.9764372","정보없음","2026-01-29"
"16075","show","흑백요리사 시즌1","야키토리 코치","restaurant","흑백요리사 시즌1 참가. 쉐프: 통닭맨","정보없음","정보없음","정보없음","서울 영등포구 영중로10길 32-4","37.5184128","126.9084652","정보없음","2026-01-29"
"16076","show","흑백요리사 시즌1","포그","restaurant","흑백요리사 시즌1 참가. 쉐프: 평가절하","정보없음","정보없음","정보없음","서울 마포구 백범로16안길 15-1","37.5464913","126.9429879","정보없음","2026-01-29"
"16077","show","흑백요리사 시즌1","이야이야앤프랜즈","restaurant","흑백요리사 시즌1 참가. 쉐프: 풀메 요리사","정보없음","정보없음","정보없음","서울 강남구 도산대로51길 22-1","37.5244925","127.0380024","정보없음","2026-01-29"
"16078","show","흑백요리사 시즌1","사브서울","restaurant","흑백요리사 시즌1 참가. 쉐프: 프렌치돌","정보없음","정보없음","정보없음","서울 강남구 논현로175길 6","37.5263720","127.0279356","정보없음","2026-01-29"
"16079","show","흑백요리사 시즌1","더 시옷","restaurant","흑백요리사 시즌1 참가. 쉐프: 해피버스데이","정보없음","정보없음","정보없음","서울 중구 수표로 30","37.5638385","126.9904052","정보없음","2026-01-29"
"16080","show","흑백요리사 시즌1","장화","restaurant","흑백요리사 시즌1 참가. 쉐프: 황금삽","정보없음","정보없음","정보없음","경남 양산시 물금읍 증산역로 155","35.3096716","129.0070976","정보없음","2026-01-29"
"16081","show","흑백요리사 시즌1","제이드앤워터","restaurant","흑백요리사 시즌1 참가. 쉐프: 후포리 촌놈","정보없음","정보없음","정보없음","서울 성동구 한림말3길 29","37.5436519","127.0153310","정보없음","2026-01-29"
"16082","show","흑백요리사 시즌2","셰누프라이빗키친","restaurant","흑백요리사 시즌2 참가. 쉐프: 안녕 봉주르(고효일)","정보없음","정보없음","정보없음","서울 용산구 이태원","37.532523","126.995038","정보없음","2026-01-29"
"16083","show","흑백요리사 시즌2","드레스덴 그린","restaurant","흑백요리사 시즌2 참가. 쉐프: 천생연분(박가람)","정보없음","정보없음","정보없음","서울 강남구 청담동","37.525107","127.049291","정보없음","2026-01-29"
"16084","show","흑백요리사 시즌2","소바쥬","restaurant","흑백요리사 시즌2 참가. 쉐프: 무쇠팔(박주성)","정보없음","정보없음","정보없음","서울 마포구 도화동","37.541512","126.94988","정보없음","2026-01-29"
"16085","show","흑백요리사 시즌2","모노로그","restaurant","흑백요리사 시즌2 참가. 쉐프: 칼마카세","정보없음","정보없음","정보없음","서울 강남구 청담동","37.525107","127.049291","정보없음","2026-01-29"
"16086","show","흑백요리사 시즌2","독도16도","restaurant","흑백요리사 시즌2 참가. 쉐프: 4평 외톨이","정보없음","정보없음","정보없음","서울 종로구 노하동","0.0","0.0","정보없음","2026-01-29"
"16087","show","흑백요리사 시즌2","수퍼판","restaurant","흑백요리사 시즌2 참가. 쉐프: 서울엄마(우정욱)","정보없음","정보없음","정보없음","서울 강남구 신사동","37.52401","127.022781","정보없음","2026-01-29"
"16088","show","흑백요리사 시즌2","온지음 레스토랑","restaurant","흑백요리사 시즌2 참가. 쉐프: 반찬술사","정보없음","정보없음","정보없음","서울 종로구 창성동","37.5806","126.9721","정보없음","2026-01-29"
"16089","show","흑백요리사 시즌2","옥동식","restaurant","흑백요리사 시즌2 참가. 쉐프: 뉴욕에 간 돼지곰탕","정보없음","정보없음","정보없음","서울 마포구 서교동","37.555147","126.914663","정보없음","2026-01-29"
"16090","show","흑백요리사 시즌2","더 이탈리안 클럽","restaurant","흑백요리사 시즌2 참가. 쉐프: 키친보스(김호윤)","정보없음","정보없음","정보없음","서울 송파구 잠실신천동","0.0","0.0","정보없음","2026-01-29"
"16091","show","흑백요리사 시즌2","해방촌 윤주당","restaurant","흑백요리사 시즌2 참가. 쉐프: 술 빚는 윤주모","정보없음","정보없음","정보없음","서울 용산구 용산동","37.546133","126.985578","정보없음","2026-01-29"
"16092","show","흑백요리사 시즌2","동경밥상 본점","restaurant","흑백요리사 시즌2 참가. 쉐프: 부채도사(김태우)","정보없음","정보없음","정보없음","부산 수영구 남천동","35.142702","129.110324","정보없음","2026-01-29"
"16093","show","흑백요리사 시즌2","유용욱바베큐연구소","restaurant","흑백요리사 시즌2 참가. 쉐프: 바베큐연구소장","정보없음","정보없음","정보없음","서울 용산구 남영동","37.542843","126.973331","정보없음","2026-01-29"
"16094","show","흑백요리사 시즌2","오리지널 넘버스","restaurant","흑백요리사 시즌2 참가. 쉐프: 삐딱한 천재(이찬양)","정보없음","정보없음","정보없음","서울 강남구 청담동 도산대로","0.0","0.0","정보없음","2026-01-29"
"16095","show","흑백요리사 시즌2","BISTYROT de YOUNTVILLE","restaurant","흑백요리사 시즌2 참가. 쉐프: 프렌치 파파","정보없음","정보없음","정보없음","서울 강남구 청담동","37.525107","127.049291","정보없음","2026-01-29"
"16096","show","흑백요리사 시즌2","쌤쌤쌤 용산점","restaurant","흑백요리사 시즌2 참가. 쉐프: 유행왕","정보없음","정보없음","정보없음","서울 용산구 한강로","37.528107","126.969233","정보없음","2026-01-29"
"16097","show","흑백요리사 시즌2","금룡","restaurant","흑백요리사 시즌2 참가. 쉐프: 중식 마녀(이문정)","정보없음","정보없음","정보없음","서울 광진구 워커힐로 그랜드 워커힐 서울","0.0","0.0","정보없음","2026-01-29"
"16098","show","흑백요리사 시즌2","솔밤","restaurant","흑백요리사 시즌2 참가. 쉐프: 아기 맹수","정보없음","정보없음","정보없음","서울 강남구 학동로","0.0","0.0","정보없음","2026-01-29"
"16099","show","흑백요리사 시즌2","Oyatte","restaurant","흑백요리사 시즌2 참가. 쉐프: 요리 괴물(이하성)","정보없음","정보없음","정보없음","New York, USA","0.0","0.0","정보없음","2026-01-29"
"16100","show","흑백요리사 시즌2","스와니예","restaurant","흑백요리사 시즌2 참가. 쉐프: 이준","정보없음","정보없음","정보없음","서울 강남구","37.517305","127.047502","정보없음","2026-01-29"
"16101","show","흑백요리사 시즌2","이타닉 가든","restaurant","흑백요리사 시즌2 참가. 쉐프: 손종원","정보없음","정보없음","정보없음","서울 강남구 조선팰리스 서울 강남","0.0","0.0","정보없음","2026-01-29"
"16102","show","흑백요리사 시즌2","라망 시크레","restaurant","흑백요리사 시즌2 참가. 쉐프: 손종원","정보없음","정보없음","정보없음","서울 강남구","37.517305","127.047502","정보없음","2026-01-29"
"16103","show","흑백요리사 시즌2","호빈","restaurant","흑백요리사 시즌2 참가. 쉐프: 후덕죽","정보없음","정보없음","정보없음","서울 중구 을지로 앰배서더 서울 풀만호텔 2층","0.0","0.0","정보없음","2026-01-29"
"16104","show","흑백요리사 시즌2","카덴","restaurant","흑백요리사 시즌2 참가. 쉐프: 정호영","정보없음","정보없음","정보없음","서울 서대문구 연희동","37.573908","126.935175","정보없음","2026-01-29"
"16105","show","흑백요리사 시즌2","뜨라또리아 샘킴","restaurant","흑백요리사 시즌2 참가. 쉐프: 샘킴","정보없음","정보없음","정보없음","서울 마포구 도산대로","0.0","0.0","정보없음","2026-01-29"
"16106","show","흑백요리사 시즌2","오스리아 샘킴","restaurant","흑백요리사 시즌2 참가. 쉐프: 샘킴","정보없음","정보없음","정보없음","서울 강남구","37.517305","127.047502","정보없음","2026-01-29"
"16107","show","흑백요리사 시즌2","시리얼고메2.0","restaurant","흑백요리사 시즌2 참가. 쉐프: 레이먼킴","정보없음","정보없음","정보없음","경기 화성시 동탄","37.206456","127.071977","정보없음","2026-01-29"
"16108","show","흑백요리사 시즌2","KOCHI","restaurant","흑백요리사 시즌2 참가. 쉐프: 심성철","정보없음","정보없음","정보없음","New York, USA","0.0","0.0","정보없음","2026-01-29"
"16109","show","흑백요리사 시즌2","Mari","restaurant","흑백요리사 시즌2 참가. 쉐프: 심성철","정보없음","정보없음","정보없음","New York, USA","0.0","0.0","정보없음","2026-01-29"
"16110","show","흑백요리사 시즌2","소울","restaurant","흑백요리사 시즌2 참가. 쉐프: 김희은","정보없음","정보없음","정보없음","서울 강남구","37.517305","127.047502","정보없음","2026-01-29"
"16111","show","흑백요리사 시즌2","에그앤플라워","restaurant","흑백요리사 시즌2 참가. 쉐프: 김희은","정보없음","정보없음","정보없음","서울 강남구","37.517305","127.047502","정보없음","2026-01-29"
"16112","show","흑백요리사 시즌2","고료리 켄","restaurant","흑백요리사 시즌2 참가. 쉐프: 김건","정보없음","정보없음","정보없음","서울 강남구 압구정동","37.530642","127.030713","정보없음","2026-01-29"
"16113","show","흑백요리사 시즌2","이치에","restaurant","흑백요리사 시즌2 참가. 쉐프: 김건","정보없음","정보없음","정보없음","서울 강남구 신사동","37.52401","127.022781","정보없음","2026-01-29"
"16114","show","흑백요리사 시즌2","회현식당","restaurant","흑백요리사 시즌2 참가. 쉐프: 김건","정보없음","정보없음","정보없음","서울 중구 회현동","37.557286","126.979322","정보없음","2026-01-29"
"16115","show","흑백요리사 시즌2","천상현의 천상","restaurant","흑백요리사 시즌2 참가. 쉐프: 천상현","정보없음","정보없음","정보없음","경기 가평군","37.831508","127.509541","정보없음","2026-01-29"
"16116","show","흑백요리사 시즌2","봉래헌","restaurant","흑백요리사 시즌2 참가. 쉐프: 이금희","정보없음","정보없음","정보없음","서울 강서구 메이필드호텔","0.0","0.0","정보없음","2026-01-29"
"16117","show","흑백요리사 시즌2","Namu","restaurant","흑백요리사 시즌2 참가. 쉐프: 제니 월든","정보없음","정보없음","정보없음","Malmö, Sweden","0.0","0.0","정보없음","2026-01-29"
"16118","show","흑백요리사 시즌2","Gaji","restaurant","흑백요리사 시즌2 참가. 쉐프: 제니 월든","정보없음","정보없음","정보없음","Malmö, Sweden","0.0","0.0","정보없음","2026-01-29"
"16119","show","흑백요리사 시즌2","크라운돼지","restaurant","흑백요리사 시즌2 참가. 쉐프: 송훈","정보없음","정보없음","정보없음","서울 강남구 테헤란로","0.0","0.0","정보없음","2026-01-29"
"16120","show","흑백요리사 시즌2","백운한정식","restaurant","흑백요리사 시즌2 참가. 쉐프: 임성근","정보없음","정보없음","정보없음","경기 의왕시 백운호수 근처","0.0","0.0","정보없음","2026-01-29"
"16121","show","흑백요리사 시즌2","윤서울","restaurant","흑백요리사 시즌2 참가. 쉐프: 김도윤","정보없음","정보없음","정보없음","서울 강남구 선릉로 805","37.5241350","127.0389980","정보없음","2026-01-29"
"16122","show","흑백요리사 시즌2","136길 육미","restaurant","흑백요리사 시즌2 참가. 쉐프: 최강록","정보없음","정보없음","정보없음","서울 강남구 신사동 136길","0.0","0.0","정보없음","2026-01-29"
"16123","show","흑백요리사 시즌2","코자차","restaurant","흑백요리사 시즌2 참가. 쉐프: 최유강","정보없음","정보없음","정보없음","서울 강남구","37.517305","127.047502","정보없음","2026-01-29"
"16124","show","흑백요리사 시즌2","테이블포포","restaurant","흑백요리사 시즌2 참가. 쉐프: 김성운","정보없음","정보없음","정보없음","서울 강남구","37.517305","127.047502","정보없음","2026-01-29"
"16125","show","흑백요리사 시즌2","고료리켄","restaurant","흑백요리사 시즌2 참가. 쉐프: 김건","정보없음","정보없음","정보없음","서울 강남구 언주로152길 15-3 2층","37.5230081","127.0348057","정보없음","2026-01-29"
"16126","show","흑백요리사 시즌2","이치에","restaurant","흑백요리사 시즌2 참가. 쉐프: 김건","정보없음","정보없음","정보없음","서울 강남구 선릉로155길 23-3 2층","37.5253741","127.0376944","정보없음","2026-01-29"
"16127","show","흑백요리사 시즌2","회현카페","restaurant","흑백요리사 시즌2 참가. 쉐프: 김건","정보없음","정보없음","정보없음","서울 중구 퇴계로2길 9-8","37.5570139","126.9777070","정보없음","2026-01-29"
"16128","show","흑백요리사 시즌2","회현식당","restaurant","흑백요리사 시즌2 참가. 쉐프: 김건","정보없음","정보없음","정보없음","서울 중구 퇴계로2길 9-8","37.5570139","126.9777070","정보없음","2026-01-29"
"16129","show","흑백요리사 시즌2","테이블포포","restaurant","흑백요리사 시즌2 참가. 쉐프: 김성운","정보없음","정보없음","정보없음","서울 용산구 대사관로31길 25-12","37.5346781","127.0052443","정보없음","2026-01-29"
"16130","show","흑백요리사 시즌2","소울","restaurant","흑백요리사 시즌2 참가. 쉐프: 김희은","정보없음","정보없음","정보없음","서울 용산구 신흥로26길 35 지하1층","37.5453932","126.9844516","정보없음","2026-01-29"
"16131","show","흑백요리사 시즌2","에그앤플라워","restaurant","흑백요리사 시즌2 참가. 쉐프: 김희은","정보없음","정보없음","정보없음","서울 용산구 신흥로26길 35 2층","37.5453932","126.9844516","정보없음","2026-01-29"
"16132","show","흑백요리사 시즌2","뜨라또리아 샘킴","restaurant","흑백요리사 시즌2 참가. 쉐프: 샘 킴","정보없음","정보없음","정보없음","서울 강남구 도산대로49길 10-3 2층","37.5238115","127.0376900","정보없음","2026-01-29"
"16133","show","흑백요리사 시즌2","오스테리아 샘킴","restaurant","흑백요리사 시즌2 참가. 쉐프: 샘 킴","정보없음","정보없음","정보없음","서울 마포구 양화로3길 55 2층","37.5513453","126.9109068","정보없음","2026-01-29"
"16134","show","흑백요리사 시즌2","선재사찰음식문화연구원","restaurant","흑백요리사 시즌2 참가. 쉐프: 선재스님","정보없음","정보없음","정보없음","경기 양평군 옥천면 검듸길 83-28","37.5505689","127.4714405","정보없음","2026-01-29"
"16135","show","흑백요리사 시즌2","이타닉가든","restaurant","흑백요리사 시즌2 참가. 쉐프: 손종원","정보없음","정보없음","정보없음","서울 강남구 테헤란로 231 조선팰리스 36층","37.5028813","127.0413566","정보없음","2026-01-29"
"16136","show","흑백요리사 시즌2","라망시크레","restaurant","흑백요리사 시즌2 참가. 쉐프: 손종원","정보없음","정보없음","정보없음","서울 중구 퇴계로 67 레스케이프호텔 26층","37.5601320","126.9794417","정보없음","2026-01-29"
"16137","show","흑백요리사 시즌2","KOCHI","restaurant","흑백요리사 시즌2 참가. 쉐프: 심성철","정보없음","정보없음","정보없음","652 10th Ave, New York, NY 10036 미국","0.0","0.0","정보없음","2026-01-29"
"16138","show","흑백요리사 시즌2","MARI","restaurant","흑백요리사 시즌2 참가. 쉐프: 심성철","정보없음","정보없음","정보없음","679 9th Ave, New York, NY 10036 미국","0.0","0.0","정보없음","2026-01-29"
"16139","show","흑백요리사 시즌2","Mari.ne Handroll","restaurant","흑백요리사 시즌2 참가. 쉐프: 심성철","정보없음","정보없음","정보없음","135 W 41st St, New York, NY 10036 미국","0.0","0.0","정보없음","2026-01-29"
"16140","show","흑백요리사 시즌2","Gui Steakhouse","restaurant","흑백요리사 시즌2 참가. 쉐프: 심성철","정보없음","정보없음","정보없음","776 8th Ave, New York, NY 10036 미국","0.0","0.0","정보없음","2026-01-29"
"16141","show","흑백요리사 시즌2","Hwaro","restaurant","흑백요리사 시즌2 참가. 쉐프: 심성철","정보없음","정보없음","정보없음","776 8th Ave, New York, NY 10036 미국","0.0","0.0","정보없음","2026-01-29"
"16142","show","흑백요리사 시즌2","DONDON Korea BBQ","restaurant","흑백요리사 시즌2 참가. 쉐프: 심성철","정보없음","정보없음","정보없음","37 W 43rd St, New York, NY 10036 미국","0.0","0.0","정보없음","2026-01-29"
"16143","show","흑백요리사 시즌2","봉래헌","restaurant","흑백요리사 시즌2 참가. 쉐프: 이금희","정보없음","정보없음","정보없음","서울 강서구 방화대로 94 메이필드호텔","37.5471992","126.8191229","정보없음","2026-01-29"
"16144","show","흑백요리사 시즌2","SOIGNE","restaurant","흑백요리사 시즌2 참가. 쉐프: 이준","정보없음","정보없음","정보없음","서울 강남구 강남대로 652 Sinsa Square 2층","37.5196035","127.0190762","정보없음","2026-01-29"
"16145","show","흑백요리사 시즌2","루드베키아","restaurant","흑백요리사 시즌2 참가. 쉐프: 이준","정보없음","정보없음","정보없음","서울 종로구 세종대로 178 KT 광화문빌딩 West 1층","37.5721535","126.9778819","정보없음","2026-01-29"
"16146","show","흑백요리사 시즌2","도우룸 광화문","restaurant","흑백요리사 시즌2 참가. 쉐프: 이준","정보없음","정보없음","정보없음","서울 종로구 세종대로 178 KT 광화문빌딩 West 2층","37.5721535","126.9778819","정보없음","2026-01-29"
"16147","show","흑백요리사 시즌2","도우룸","restaurant","흑백요리사 시즌2 참가. 쉐프: 이준","정보없음","정보없음","정보없음","서울 서초구 동광로 99 2층","37.4938433","126.9933670","정보없음","2026-01-29"
"16148","show","흑백요리사 시즌2","우동카덴","restaurant","흑백요리사 시즌2 참가. 쉐프: 정호영","정보없음","정보없음","정보없음","서울 마포구 양화로7안길 2-1","37.5516895","126.9150549","정보없음","2026-01-29"
"16149","show","흑백요리사 시즌2","Namu","restaurant","흑백요리사 시즌2 참가. 쉐프: 제니 월든","정보없음","정보없음","정보없음","Landbygatan 5, Malmö, Sweden","0.0","0.0","정보없음","2026-01-29"
"16150","show","흑백요리사 시즌2","천상현의 천상","restaurant","흑백요리사 시즌2 참가. 쉐프: 천상현","정보없음","정보없음","정보없음","서울 서초구 매헌로 16 하이브랜드 라시따델라모다 6층","37.4631951","127.0366232","정보없음","2026-01-29"
"16151","show","흑백요리사 시즌2","천상현의 천상 영암멋집","restaurant","흑백요리사 시즌2 참가. 쉐프: 천상현","정보없음","정보없음","정보없음","전남 영암군 군서면 왕인로 440","34.7559634","126.6309795","정보없음","2026-01-29"
"16152","show","흑백요리사 시즌2","코자차","restaurant","흑백요리사 시즌2 참가. 쉐프: 최유강","정보없음","정보없음","정보없음","서울 강남구 학동로97길 17 1층","37.5208702","127.0552240","정보없음","2026-01-29"
"16153","show","흑백요리사 시즌2","아선재","restaurant","흑백요리사 시즌2 참가. 쉐프: 그때 명셰프(명현지)","정보없음","정보없음","정보없음","서울 강남구 영동대로 333 지하1층","37.5041600","127.0648941","정보없음","2026-01-29"
"16154","show","흑백요리사 시즌2","온6.5","restaurant","흑백요리사 시즌2 참가. 쉐프: 김치다이닝(이정수)","정보없음","정보없음","정보없음","서울 종로구 북촌로1길 28 지상1층 온6.5","37.5773758","126.9842814","정보없음","2026-01-29"
"16155","show","흑백요리사 시즌2","힙한식","restaurant","흑백요리사 시즌2 참가. 쉐프: 남해 힙스터(이정서)","정보없음","정보없음","정보없음","경남 남해군 미조면 동부대로2","34.7286468","128.0315392","정보없음","2026-01-29"
"16156","show","흑백요리사 시즌2","호루몬","restaurant","흑백요리사 시즌2 참가. 쉐프: 내장백서(나원계)","정보없음","정보없음","정보없음","서울 강남구 언주로152길 11-5 상복빌딩 2층","37.5230452","127.0344460","정보없음","2026-01-29"
"16157","show","흑백요리사 시즌2","옥동식","restaurant","흑백요리사 시즌2 참가. 쉐프: 뉴욕에 간 돼지곰탕(옥동식)","정보없음","정보없음","정보없음","서울 마포구 양화로7길 44-10 1층","37.5526652","126.9145171","정보없음","2026-01-29"
"16158","show","흑백요리사 시즌2","삼미분식","restaurant","흑백요리사 시즌2 참가. 쉐프: 닭발로 16억(정시우)","정보없음","정보없음","정보없음","경기 이천시 중리천로21번길 9","37.2809304","127.4404175","정보없음","2026-01-29"
"16159","show","흑백요리사 시즌2","떡산","restaurant","흑백요리사 시즌2 참가. 쉐프: 떡볶이 명인(김두래)","정보없음","정보없음","정보없음","서울 은평구 연서로 247-1 좌측","37.6195883","126.9224166","정보없음","2026-01-29"
"16160","show","흑백요리사 시즌2","라오삐약","restaurant","흑백요리사 시즌2 참가. 쉐프: 라오스홀릭(원성훈)","정보없음","정보없음","정보없음","서울 마포구 희우정로10길 5","37.5527370","126.9044441","정보없음","2026-01-29"
"16161","show","흑백요리사 시즌2","갓포아키 삼성점","restaurant","흑백요리사 시즌2 참가. 쉐프: 마스터 갓포(배재훈)","정보없음","정보없음","정보없음","서울 강남구 테헤란로 610 글래드코엑스센터 B2","37.5088359","127.0645580","정보없음","2026-01-29"
"16162","show","흑백요리사 시즌2","타카 스키야키&우나기","restaurant","흑백요리사 시즌2 참가. 쉐프: 마스터 갓포(배재훈)","정보없음","정보없음","정보없음","서울 용산구 장문로 23 몬드리안호텔 1층","37.5285648","126.9931163","정보없음","2026-01-29"
