"0","guide","미쉐린 가이드 2025","이목 스모크다이닝","restaurant","","","","+82 50-71341-4729","강남구 압구정로 2길 6 ,지하1층, Seoul, 06027, 한국","0.0","0.0","https://guide.michelin.com/kr/ko/seoul-capital-area/kr-seoul/restaurant/imok-smoke-dining","2026-01-28"
"0","guide","미쉐린 가이드 2025","뫼밀집","restaurant","","","","+82 51-744-9944","해운대구 마린시티 3로 23, 오렌지 프라자 2층, Busan, 48118, 한국","0.0","0.0","https://guide.michelin.com/kr/ko/busan-region/busan_1025838/restaurant/moemiljip","2026-01-28"
"0","guide","미쉐린 가이드 2025","오리지널 넘버스","restaurant","","","","+82 2-545-1777","강남구 도산대로 55길 24, Seoul, 06014, 한국","0.0","0.0","https://guide.michelin.com/kr/ko/seoul-capital-area/kr-seoul/restaurant/original-numbers","2026-01-28"
"0","guide","미쉐린 가이드 2025","진돼지곰탕","restaurant","","","","+82 50-71468-1634","수영구 광안해변로 284번길 4, 2층, Busan, 48283, 한국","0.0","0.0","https://guide.michelin.com/kr/ko/busan-region/busan_1025838/restaurant/jin-dweji-gomtang","2026-01-28"
"0","guide","미쉐린 가이드 2025","평산옥","restaurant","","","","+82 51-468-6255","동구 초량중로 26, Busan, 48818, 한국","0.0","0.0","https://guide.michelin.com/kr/ko/busan-region/busan_1025838/restaurant/pyeongsanok","2026-01-28"
"0","guide","미쉐린 가이드 2025","안덕","restaurant","","","","+82 2-723-1518","종로구 자하문로 17길 18, Seoul, 03035, 한국","0.0","0.0","https://guide.michelin.com/kr/ko/seoul-capital-area/kr-seoul/restaurant/andeok","2026-01-28"
"0","guide","미쉐린 가이드 2025","꼴라쥬","restaurant","","","","+82 2-2190-4112","강남구 논현로 136길 11, 아난티 앳 강남 2층, Seoul, 06051, 한국","0.0","0.0","https://guide.michelin.com/kr/ko/seoul-capital-area/kr-seoul/restaurant/collage","2026-01-28"
"0","guide","미쉐린 가이드 2025","명보당","restaurant","","","","+82 2-511-5046","강남구 선릉로 158길 13-12, 3층, Seoul, 06014, 한국","0.0","0.0","https://guide.michelin.com/kr/ko/seoul-capital-area/kr-seoul/restaurant/myungbodang","2026-01-28"
"0","guide","미쉐린 가이드 2025","레스토랑 산","restaurant","","","","+82-2-540-1729","강남구 언주로 168길 6, 지하1층, Seoul, 06020, 한국","0.0","0.0","https://guide.michelin.com/kr/ko/seoul-capital-area/kr-seoul/restaurant/san","2026-01-28"
"0","guide","미쉐린 가이드 2025","마츠자키","restaurant","","","","+82 10-9433-4065","수영구 수영로 582번길 10, Busan, 48297, 한국","0.0","0.0","https://guide.michelin.com/kr/ko/busan-region/busan_1025838/restaurant/matsuzaki","2026-01-28"
"0","guide","미쉐린 가이드 2025","송헌집","restaurant","","","","+82 51-711-4648","수영구 민락로 19번길 18, Busan, 48285, 한국","0.0","0.0","https://guide.michelin.com/kr/ko/busan-region/busan_1025838/restaurant/songheonjip","2026-01-28"
"0","guide","미쉐린 가이드 2025","1969 부원동 칼국수","restaurant","","","","+82 51-242-9909","중구 구덕로 22번길 3, Busan, 48954, 한국","0.0","0.0","https://guide.michelin.com/kr/ko/busan-region/busan_1025838/restaurant/1969-buwondong-kalguksu","2026-01-28"
"0","guide","미쉐린 가이드 2025","미락슈퍼","restaurant","","","","+82 50-71371-3318","수영구 민락본동로 31번길 46, Busan, 48288, 한국","0.0","0.0","https://guide.michelin.com/kr/ko/busan-region/busan_1025838/restaurant/meerok-super","2026-01-28"
"0","guide","미쉐린 가이드 2025","잔둔가","restaurant","","","","+82 50-71399-9208","부산진구 동천로 108번길 41, Busan, 47247, 한국","0.0","0.0","https://guide.michelin.com/kr/ko/busan-region/busan_1025838/restaurant/zandunga-1243638","2026-01-28"
"0","guide","미쉐린 가이드 2025","이안","restaurant","","","","+82 50-71480-1465","해운대구 달맞이길 65번길 88, Busan, 48117, 한국","0.0","0.0","https://guide.michelin.com/kr/ko/busan-region/busan_1025838/restaurant/iaan","2026-01-28"
"0","guide","미쉐린 가이드 2025","3대 삼계장인","restaurant","","","","+82 50-71465-2294","서초구 반포대로 28길 56-3, Seoul, 06646, 한국","0.0","0.0","https://guide.michelin.com/kr/ko/seoul-capital-area/kr-seoul/restaurant/3rd-samgyetang","2026-01-28"
"0","guide","미쉐린 가이드 2025","소넷","restaurant","","","","+82 2-6953-5999","강남구 선릉로 157길 33, 3층, Seoul, 06018, 한국","0.0","0.0","https://guide.michelin.com/kr/ko/seoul-capital-area/kr-seoul/restaurant/sonnet-1241886","2026-01-28"
"0","guide","미쉐린 가이드 2025","묵정","restaurant","","","","+82 10-8350-6743","중구 퇴계로48길 17, Seoul, 04619, 한국","0.0","0.0","https://guide.michelin.com/kr/ko/seoul-capital-area/kr-seoul/restaurant/mukjung","2026-01-28"
"0","guide","미쉐린 가이드 2025","샤콘느","restaurant","","","","+82 10-2693-6392","강남구 논현로 97길 23 역삼힐스 102동 1층, Seoul, 06131, 한국","0.0","0.0","https://guide.michelin.com/kr/ko/seoul-capital-area/kr-seoul/restaurant/chaconne","2026-01-28"
"0","guide","미쉐린 가이드 2025","평양집","restaurant","","","","+82 51-331-5445","북구 금곡대로 20번길 21, Busan, 46547, 한국","0.0","0.0","https://guide.michelin.com/kr/ko/busan-region/busan_1025838/restaurant/pyeongyangjip","2026-01-28"
"0","guide","미쉐린 가이드 2025","울트라 바이트","restaurant","","","","+82 50-71358-2745","수영구 민락로 14번길 28, Busan, 48286, 한국","0.0","0.0","https://guide.michelin.com/kr/ko/busan-region/busan_1025838/restaurant/ultra-bite","2026-01-28"
"0","guide","미쉐린 가이드 2025","토오루","restaurant","","","","+82 10-7252-6012","부산진구 동성로 49번길 38-1, Busan, 47304, 한국","0.0","0.0","https://guide.michelin.com/kr/ko/busan-region/busan_1025838/restaurant/tooru","2026-01-28"
"0","guide","미쉐린 가이드 2025","오일제","restaurant","","","","+82 70-8831-5534","용산구 한강대로 62다길 29, Seoul, 04382, 한국","0.0","0.0","https://guide.michelin.com/kr/ko/seoul-capital-area/kr-seoul/restaurant/oilje","2026-01-28"
"0","guide","미쉐린 가이드 2025","후제","restaurant","","","","+82 70-4837-4997","강남구 논현로 24길 21, 2층, Seoul, 06302, 한국","0.0","0.0","https://guide.michelin.com/kr/ko/seoul-capital-area/kr-seoul/restaurant/fuje","2026-01-28"
"0","guide","미쉐린 가이드 2025","두리","restaurant","","","","+82 50-71409-3655","용산구 원효로63길 27, Seoul, 04364, 한국","0.0","0.0","https://guide.michelin.com/kr/ko/seoul-capital-area/kr-seoul/restaurant/doori","2026-01-28"
"0","guide","미쉐린 가이드 2025","오니바","restaurant","","","","+82 2-516-3352","강남구 도산대로 75길 15, 지하 1층, Seoul, 06015, 한국","0.0","0.0","https://guide.michelin.com/kr/ko/seoul-capital-area/kr-seoul/restaurant/onyva","2026-01-28"
"0","guide","미쉐린 가이드 2025","비움","restaurant","","","","+82 2-549-8889","강남구 학동로 97길 41, Seoul, 06072, 한국","0.0","0.0","https://guide.michelin.com/kr/ko/seoul-capital-area/kr-seoul/restaurant/bium","2026-01-28"
"0","guide","미쉐린 가이드 2025","기와강","restaurant","","","","+82 2-517-2511","강남구 논현로 152길 9, 4층, Seoul, 06025, 한국","0.0","0.0","https://guide.michelin.com/kr/ko/seoul-capital-area/kr-seoul/restaurant/giwakang","2026-01-28"
"0","guide","미쉐린 가이드 2025","소바키리 스즈","restaurant","","","","+82 2-2256-6986","중구 동호로 12길 98, Seoul, 04608, 한국","0.0","0.0","https://guide.michelin.com/kr/ko/seoul-capital-area/kr-seoul/restaurant/sobakeeri-suzu","2026-01-28"
"0","guide","미쉐린 가이드 2025","고사리 익스프레스","restaurant","","","","+82 2-2039-3140","중구 퇴계로85길 12-10, Seoul, 04576, 한국","0.0","0.0","https://guide.michelin.com/kr/ko/seoul-capital-area/kr-seoul/restaurant/gosari-express","2026-01-28"
"0","guide","미쉐린 가이드 2025","서교난면방","restaurant","","","","+82 10-9516-0934","마포구 동교로 12길 16, Seoul, 04029, 한국","0.0","0.0","https://guide.michelin.com/kr/ko/seoul-capital-area/kr-seoul/restaurant/seokyonanmyunbang","2026-01-28"
"0","guide","미쉐린 가이드 2025","옥돌현옥","restaurant","","","","+82 2-404-4824","송파구 오금로 36길 26-1, Seoul, 05700, 한국","0.0","0.0","https://guide.michelin.com/kr/ko/seoul-capital-area/kr-seoul/restaurant/okdol-heyonok","2026-01-28"
"0","guide","미쉐린 가이드 2025","곰탕랩","restaurant","","","","+82 2-517-4656","강남구 테헤란로 517, 현대백화점 10층, Seoul, 06164, 한국","0.0","0.0","https://guide.michelin.com/kr/ko/seoul-capital-area/kr-seoul/restaurant/gomtang-lab","2026-01-28"
"0","guide","미쉐린 가이드 2025","정짓간","restaurant","","","","+82 51-293-2900","사하구 비봉로 6, Busan, 49419, 한국","0.0","0.0","https://guide.michelin.com/kr/ko/busan-region/busan_1025838/restaurant/jeongjitgan","2026-01-28"
"0","guide","미쉐린 가이드 2025","마나오","restaurant","","","","+82 50-71368-0346","용산구 한남대로 21길 18, 2층, Seoul, 04401, 한국","0.0","0.0","https://guide.michelin.com/kr/ko/seoul-capital-area/kr-seoul/restaurant/manao","2026-01-28"
"0","guide","미쉐린 가이드 2025","미필담","restaurant","","","","+82 10-5455-5041","마포구 성지 3길 22, Seoul, 04083, 한국","0.0","0.0","https://guide.michelin.com/kr/ko/seoul-capital-area/kr-seoul/restaurant/mipildam","2026-01-28"
"0","guide","미쉐린 가이드 2025","한월관","restaurant","","","","+82 51-711-7025","수영구 광안로 62번길 10, Busan, 48303, 한국","0.0","0.0","https://guide.michelin.com/kr/ko/busan-region/busan_1025838/restaurant/hanwolgwan","2026-01-28"
"0","guide","미쉐린 가이드 2025","본 앤 브레드","restaurant","","","","+82 51-749-2400","해운대구 해운대해변로 296 파라다이스호텔 지하 1층, Busan, 48099, 한국","0.0","0.0","https://guide.michelin.com/kr/ko/busan-region/busan_1025838/restaurant/born-and-bred-1213375","2026-01-28"
"0","guide","미쉐린 가이드 2025","니시무라멘","restaurant","","","","+82 10-9596-1122","서울 마포구 동교로 265, 4층, Seoul, 03983, 한국","0.0","0.0","https://guide.michelin.com/kr/ko/seoul-capital-area/kr-seoul/restaurant/nishimuramen","2026-01-28"
"0","guide","미쉐린 가이드 2025","주052","restaurant","","","","+82 2-2281-0343","성동구 고산자로 14길 26, Seoul, 04750, 한국","0.0","0.0","https://guide.michelin.com/kr/ko/seoul-capital-area/kr-seoul/restaurant/sool052","2026-01-28"
"0","guide","미쉐린 가이드 2025","팀호완","restaurant","","","","+82 2-6207-3082","강남구 봉은사로 86길 30, Seoul, 06165, 한국","0.0","0.0","https://guide.michelin.com/kr/ko/seoul-capital-area/kr-seoul/restaurant/tim-ho-wan","2026-01-28"
"0","guide","미쉐린 가이드 2025","트리드","restaurant","","","","+82 2-512-8312","강남구 선릉로 162길 16, 2층, Seoul, 06014, 한국","0.0","0.0","https://guide.michelin.com/kr/ko/seoul-capital-area/kr-seoul/restaurant/trid","2026-01-28"
"0","guide","미쉐린 가이드 2025","도림","restaurant","","","","+82 2-317-7101","중구 을지로 30, 롯데호텔 37층, Seoul, 04533, 한국","0.0","0.0","https://guide.michelin.com/kr/ko/seoul-capital-area/kr-seoul/restaurant/toh-lim","2026-01-28"
"0","guide","미쉐린 가이드 2025","야키토리 묵","restaurant","","","","+82 70-8835-3433","마포구 성미산로 165-1, Seoul, 03980, 한국","0.0","0.0","https://guide.michelin.com/kr/ko/seoul-capital-area/kr-seoul/restaurant/yakitori-mook","2026-01-28"
"0","guide","미쉐린 가이드 2025","유 유안","restaurant","","","","+82 2-6388-5500","종로구 새문안로 97, 포시즌스 호텔 11층, Seoul, 03183, 한국","0.0","0.0","https://guide.michelin.com/kr/ko/seoul-capital-area/kr-seoul/restaurant/yu-yuan","2026-01-28"
"0","guide","미쉐린 가이드 2025","외고집 설렁탕","restaurant","","","","+82 2-567-5225","강남구 삼성로 555, Seoul, 06155, 한국","0.0","0.0","https://guide.michelin.com/kr/ko/seoul-capital-area/kr-seoul/restaurant/oegojip-sellongtang","2026-01-28"
"0","guide","미쉐린 가이드 2025","레스토랑 오와이","restaurant","","","","+82 2-515-7250","강남구 선릉로 148길 48-12, 지하 1층, Seoul, 06064, 한국","0.0","0.0","https://guide.michelin.com/kr/ko/seoul-capital-area/kr-seoul/restaurant/restaurant-oy","2026-01-28"
"0","guide","미쉐린 가이드 2025","온지음","restaurant","","","","+82 2-6952-0024","종로구 효자로 49, 4층, Seoul, 03043, 한국","0.0","0.0","https://guide.michelin.com/kr/ko/seoul-capital-area/kr-seoul/restaurant/onjium","2026-01-28"
"0","guide","미쉐린 가이드 2025","피에르 가니에르","restaurant","","","","+82 2-317-7181","중구 을지로 30, 롯데호텔 35층, Seoul, 04533, 한국","0.0","0.0","https://guide.michelin.com/kr/ko/seoul-capital-area/kr-seoul/restaurant/pierre-gagnaire","2026-01-28"
"0","guide","미쉐린 가이드 2025","토라후구가","restaurant","","","","+82 51-743-5432","해운대구 좌동순환로 480, Busan, 48103, 한국","0.0","0.0","https://guide.michelin.com/kr/ko/busan-region/busan_1025838/restaurant/torafuguga","2026-01-28"
"0","guide","미쉐린 가이드 2025","숙수도가","restaurant","","","","+82 10-8231-2627","성북구 동소문로 17길 28, Seoul, 02830, 한국","0.0","0.0","https://guide.michelin.com/kr/ko/seoul-capital-area/kr-seoul/restaurant/sooksoodoga","2026-01-28"
"0","guide","미쉐린 가이드 2025","하쿠시","restaurant","","","","+82 10-7316-6212","강남구 언주로 157길 8-4, 2, Seoul, 06024, 한국","0.0","0.0","https://guide.michelin.com/kr/ko/seoul-capital-area/kr-seoul/restaurant/hakusi","2026-01-28"
"0","guide","미쉐린 가이드 2025","텐지몽","restaurant","","","","+82 2-542-3010","강남구 학동로 97길 41, 4층, Seoul, 06072, 한국","0.0","0.0","https://guide.michelin.com/kr/ko/seoul-capital-area/kr-seoul/restaurant/tenjimon","2026-01-28"
"0","guide","미쉐린 가이드 2025","합정옥","restaurant","","","","+82 2-322-4822","마포구 양화로 1길 21, 2층, Seoul, 04026, 한국","0.0","0.0","https://guide.michelin.com/kr/ko/seoul-capital-area/kr-seoul/restaurant/hapjeongok","2026-01-28"
"0","guide","미쉐린 가이드 2025","쥬에","restaurant","","","","+82 2-798-9700","용산구 독서당로 124-7, Seoul, 04420, 한국","0.0","0.0","https://guide.michelin.com/kr/ko/seoul-capital-area/kr-seoul/restaurant/jue","2026-01-28"
"0","guide","미쉐린 가이드 2025","에빠뉘","restaurant","","","","+82 2-548-2020","강남구 선릉로 146길 33, 3층, Seoul, 06064, 한국","0.0","0.0","https://guide.michelin.com/kr/ko/seoul-capital-area/kr-seoul/restaurant/epanoui","2026-01-28"
"0","guide","미쉐린 가이드 2025","베이스 이즈 나이스","restaurant","","","","+82 50-71306-6724","마포구 도화 2길 20, Seoul, 04171, 한국","0.0","0.0","https://guide.michelin.com/kr/ko/seoul-capital-area/kr-seoul/restaurant/base-is-nice","2026-01-28"
"0","guide","미쉐린 가이드 2025","진진","restaurant","","","","+82 70-5035-8878","마포구 월드컵북로 1길 60, Seoul, 04031, 한국","0.0","0.0","https://guide.michelin.com/kr/ko/seoul-capital-area/kr-seoul/restaurant/jin-jin","2026-01-28"
"0","guide","미쉐린 가이드 2025","무궁화","restaurant","","","","+82 2-317-7061","중구 을지로 30, 롯데호텔 38층, Seoul, 04533, 한국","0.0","0.0","https://guide.michelin.com/kr/ko/seoul-capital-area/kr-seoul/restaurant/mugunghwa","2026-01-28"
"0","guide","미쉐린 가이드 2025","만족오향족발","restaurant","","","","+82 2-753-4755","중구 서소문로 134-7, Seoul, 04514, 한국","0.0","0.0","https://guide.michelin.com/kr/ko/seoul-capital-area/kr-seoul/restaurant/manjok-ohyang-jokbal","2026-01-28"
"0","guide","미쉐린 가이드 2025","유림면","restaurant","","","","+82 2-755-0659","중구 서소문로 139-1, Seoul, 04515, 한국","0.0","0.0","https://guide.michelin.com/kr/ko/seoul-capital-area/kr-seoul/restaurant/yurimmyeon","2026-01-28"
"0","guide","미쉐린 가이드 2025","봉산옥","restaurant","","","","+82 2-525-2282","서초구 반포대로 8길 5-6, Seoul, 06716, 한국","0.0","0.0","https://guide.michelin.com/kr/ko/seoul-capital-area/kr-seoul/restaurant/bongsanok","2026-01-28"
"0","guide","미쉐린 가이드 2025","테판","restaurant","","","","+82 2-799-8272","용산구 소월로 322, 그랜드 하얏트 호텔 지하 1층, Seoul, 04347, 한국","0.0","0.0","https://guide.michelin.com/kr/ko/seoul-capital-area/kr-seoul/restaurant/teppan","2026-01-28"
"0","guide","미쉐린 가이드 2025","본 앤 브레드","restaurant","","","","+82 2-2294-5005","성동구 마장로 42길 1, 2층, Seoul, 04757, 한국","0.0","0.0","https://guide.michelin.com/kr/ko/seoul-capital-area/kr-seoul/restaurant/born-and-bred","2026-01-28"
"0","guide","미쉐린 가이드 2025","미진","restaurant","","","","+82 2-730-6198","종로구 종로 19, 르메이에르 종로타운 116-2호, Seoul, 03157, 한국","0.0","0.0","https://guide.michelin.com/kr/ko/seoul-capital-area/kr-seoul/restaurant/mijin","2026-01-28"
"0","guide","미쉐린 가이드 2025","봉밀가","restaurant","","","","+82 2-546-2305","강남구 선릉로 664, Seoul, 06088, 한국","0.0","0.0","https://guide.michelin.com/kr/ko/seoul-capital-area/kr-seoul/restaurant/bongmilga","2026-01-28"
"0","guide","미쉐린 가이드 2025","무오키","restaurant","","","","+82 10-2948-4171","강남구 학동로 55길 12-12, 2층, Seoul, 06065, 한국","0.0","0.0","https://guide.michelin.com/kr/ko/seoul-capital-area/kr-seoul/restaurant/muoki","2026-01-28"
"0","guide","미쉐린 가이드 2025","비스트로 드 욘트빌","restaurant","","","","+82 2-541-1550","강남구 선릉로 158길 13-7, Seoul, 06014, 한국","0.0","0.0","https://guide.michelin.com/kr/ko/seoul-capital-area/kr-seoul/restaurant/bistrot-de-yountville","2026-01-28"
"0","guide","미쉐린 가이드 2025","보름쇠","restaurant","","","","+82 2-569-9967","강남구 테헤란로 81길 36, Seoul, 06167, 한국","0.0","0.0","https://guide.michelin.com/kr/ko/seoul-capital-area/kr-seoul/restaurant/boreumsae","2026-01-28"
"0","guide","미쉐린 가이드 2025","더 그린테이블","restaurant","","","","+82 2-591-2672","종로구 율곡로 83, 아라리오 스페이스 5층, Seoul, 03058, 한국","0.0","0.0","https://guide.michelin.com/kr/ko/seoul-capital-area/kr-seoul/restaurant/the-green-table","2026-01-28"
"0","guide","미쉐린 가이드 2025","나인스 게이트","restaurant","","","","+82 2-317-0366","중구 소공로 106, 웨스틴 조선 호텔 1층, Seoul, 04533, 한국","0.0","0.0","https://guide.michelin.com/kr/ko/seoul-capital-area/kr-seoul/restaurant/the-ninth-gate","2026-01-28"
"0","guide","미쉐린 가이드 2025","온","restaurant","","","","+82 2-547-0467","강남구 도산대로 92길 42, 지하 1층, Seoul, 06070, 한국","0.0","0.0","https://guide.michelin.com/kr/ko/seoul-capital-area/kr-seoul/restaurant/on565623","2026-01-28"
"0","guide","미쉐린 가이드 2025","텅 앤 그루브 조인트","restaurant","","","","+82 2-790-7036","용산구 보광로 60길 7, Seoul, 04406, 한국","0.0","0.0","https://guide.michelin.com/kr/ko/seoul-capital-area/kr-seoul/restaurant/tongue-groove-joint","2026-01-28"
"0","guide","미쉐린 가이드 2025","무니","restaurant","","","","+82 2-511-1303","강남구 도산대로 72길 16, Seoul, 06063, 한국","0.0","0.0","https://guide.michelin.com/kr/ko/seoul-capital-area/kr-seoul/restaurant/muni","2026-01-28"
"0","guide","미쉐린 가이드 2025","스테이","restaurant","","","","+82 2-3213-1231","송파구 올림픽로 300, 롯데월드 타워 81층, Seoul, 05551, 한국","0.0","0.0","https://guide.michelin.com/kr/ko/seoul-capital-area/kr-seoul/restaurant/stay","2026-01-28"
"0","guide","미쉐린 가이드 2025","마포옥","restaurant","","","","+82 2-716-6661","마포구 토정로 312, Seoul, 04165, 한국","0.0","0.0","https://guide.michelin.com/kr/ko/seoul-capital-area/kr-seoul/restaurant/mapo-ok","2026-01-28"
"0","guide","미쉐린 가이드 2025","오레노 라멘","restaurant","","","","+82 2-322-3539","마포구 독막로 8길 16, Seoul, 04072, 한국","0.0","0.0","https://guide.michelin.com/kr/ko/seoul-capital-area/kr-seoul/restaurant/oreno-ramen","2026-01-28"
"0","guide","미쉐린 가이드 2025","교양식사","restaurant","","","","+82 10-7601-4041","용산구 이태원로 238, Seoul, 04400, 한국","0.0","0.0","https://guide.michelin.com/kr/ko/seoul-capital-area/kr-seoul/restaurant/gyoyang-siksa","2026-01-28"
"0","guide","미쉐린 가이드 2025","스바루","restaurant","","","","+82 2-596-4882","서초구 방배중앙로 21길 7, Seoul, 06560, 한국","0.0","0.0","https://guide.michelin.com/kr/ko/seoul-capital-area/kr-seoul/restaurant/subaru","2026-01-28"
"0","guide","미쉐린 가이드 2025","비채나","restaurant","","","","+82 2-3213-1261","송파구 올림픽로 300, 롯데월드 타워 81층, Seoul, 05551, 한국","0.0","0.0","https://guide.michelin.com/kr/ko/seoul-capital-area/kr-seoul/restaurant/bicena","2026-01-28"
"0","guide","미쉐린 가이드 2025","황금콩밭","restaurant","","","","+82 2-313-2952","마포구 마포대로 16길 9, Seoul, 04205, 한국","0.0","0.0","https://guide.michelin.com/kr/ko/seoul-capital-area/kr-seoul/restaurant/hwanggeum-kongbat","2026-01-28"
"0","guide","미쉐린 가이드 2025","남포면옥","restaurant","","","","+82 2-777-3131","중구 을지로 3길 24, Seoul, 04522, 한국","0.0","0.0","https://guide.michelin.com/kr/ko/seoul-capital-area/kr-seoul/restaurant/nampo-myeonok","2026-01-28"
"0","guide","미쉐린 가이드 2025","황생가 칼국수","restaurant","","","","+82 2-739-6334","종로구 북촌로 5길 78, Seoul, 03053, 한국","0.0","0.0","https://guide.michelin.com/kr/ko/seoul-capital-area/kr-seoul/restaurant/hwangsaengga-kalguksu","2026-01-28"
"0","guide","미쉐린 가이드 2025","줄라이","restaurant","","","","+82 2-534-9544","서초구 동광로 164, Seoul, 06589, 한국","0.0","0.0","https://guide.michelin.com/kr/ko/seoul-capital-area/kr-seoul/restaurant/july","2026-01-28"
"0","guide","미쉐린 가이드 2025","명동 교자","restaurant","","","","+82 2-776-5348","중구 명동 10길 29, Seoul, 04537, 한국","0.0","0.0","https://guide.michelin.com/kr/ko/seoul-capital-area/kr-seoul/restaurant/myeongdong-kyoja","2026-01-28"
"0","guide","미쉐린 가이드 2025","크리스탈 제이드","restaurant","","","","+82 2-3789-8088","중구 남대문로 7길 16, 지하 1층, Seoul, 04533, 한국","0.0","0.0","https://guide.michelin.com/kr/ko/seoul-capital-area/kr-seoul/restaurant/crystal-jade","2026-01-28"
"0","guide","미쉐린 가이드 2025","만두집","restaurant","","","","+82 2-544-3710","강남구 압구정로 338, Seoul, 06018, 한국","0.0","0.0","https://guide.michelin.com/kr/ko/seoul-capital-area/kr-seoul/restaurant/mandujip","2026-01-28"
"0","guide","미쉐린 가이드 2025","꼼 모아","restaurant","","","","+82 2-6217-5252","용산구 신흥로 56, Seoul, 04339, 한국","0.0","0.0","https://guide.michelin.com/kr/ko/seoul-capital-area/kr-seoul/restaurant/comme-moa","2026-01-28"
"0","guide","미쉐린 가이드 2025","진미식당","restaurant","","","","+82 2-3211-4468","마포구 마포대로 186-6, Seoul, 04207, 한국","0.0","0.0","https://guide.michelin.com/kr/ko/seoul-capital-area/kr-seoul/restaurant/jinmi-sikdang","2026-01-28"
"0","guide","미쉐린 가이드 2025","대성집","restaurant","","","","+82 2-735-4259","종로구 사직로 5, Seoul, 03029, 한국","0.0","0.0","https://guide.michelin.com/kr/ko/seoul-capital-area/kr-seoul/restaurant/daesungjip","2026-01-28"
"0","guide","미쉐린 가이드 2025","할매집","restaurant","","","","+82 2-735-2608","종로구 사직로 12길 1-5, Seoul, 03169, 한국","0.0","0.0","https://guide.michelin.com/kr/ko/seoul-capital-area/kr-seoul/restaurant/halmaejip","2026-01-28"
"0","guide","미쉐린 가이드 2025","개성만두 궁","restaurant","","","","+82 2-733-9240","종로구 인사동 10길 11-3, Seoul, 03146, 한국","0.0","0.0","https://guide.michelin.com/kr/ko/seoul-capital-area/kr-seoul/restaurant/gaeseong-mandu-koong","2026-01-28"
"0","guide","미쉐린 가이드 2025","버드나무집","restaurant","","","","+82 2-3473-4167","서초구 효령로 434, Seoul, 06729, 한국","0.0","0.0","https://guide.michelin.com/kr/ko/seoul-capital-area/kr-seoul/restaurant/budnamujip","2026-01-28"
"0","guide","미쉐린 가이드 2025","삼청동 수제비","restaurant","","","","+82 2-735-2965","종로구 삼청로 101-1, Seoul, 03049, 한국","0.0","0.0","https://guide.michelin.com/kr/ko/seoul-capital-area/kr-seoul/restaurant/samcheongdong-sujebi","2026-01-28"
"0","guide","미쉐린 가이드 2025","도우룸","restaurant","","","","+82 2-535-9386","서초구 동광로 99, 2층, Seoul, 06584, 한국","0.0","0.0","https://guide.michelin.com/kr/ko/seoul-capital-area/kr-seoul/restaurant/doughroom","2026-01-28"
"0","guide","미쉐린 가이드 2025","곰바위","restaurant","","","","+82 2-511-0068","강남구 영동대로 115길 10, Seoul, 06087, 한국","0.0","0.0","https://guide.michelin.com/kr/ko/seoul-capital-area/kr-seoul/restaurant/gom-ba-wie","2026-01-28"
"0","guide","미쉐린 가이드 2025","랑빠스 81","restaurant","","","","+82 70-7779-8181","마포구 동교로 30길 17-1, Seoul, 03985, 한국","0.0","0.0","https://guide.michelin.com/kr/ko/seoul-capital-area/kr-seoul/restaurant/l-empasse-81","2026-01-28"
"0","guide","미쉐린 가이드 2025","정인면옥","restaurant","","","","+82 2-2683-2615","영등포구 국회대로 76길 10, Seoul, 07238, 한국","0.0","0.0","https://guide.michelin.com/kr/ko/seoul-capital-area/kr-seoul/restaurant/jungin-myeonok","2026-01-28"
"0","guide","미쉐린 가이드 2025","융캉찌에","restaurant","","","","+82 51-758-6011","수영구 광안해변로 277번길 10, Busan, 48287, 한국","0.0","0.0","https://guide.michelin.com/kr/ko/busan-region/busan_1025838/restaurant/yongkangzzie","2026-01-28"
"0","guide","미쉐린 가이드 2025","슌사이 쿠보","restaurant","","","","+82 51-365-2959","북구 양달로 4번길 17, Busan, 46517, 한국","0.0","0.0","https://guide.michelin.com/kr/ko/busan-region/busan_1025838/restaurant/shunsai-kubo","2026-01-28"
"0","guide","미쉐린 가이드 2025","합천국밥집","restaurant","","","","+82 51-628-4898","남구 용호로 235, Busan, 48593, 한국","0.0","0.0","https://guide.michelin.com/kr/ko/busan-region/busan_1025838/restaurant/hapcheon-gukbapjip","2026-01-28"
"0","guide","미쉐린 가이드 2025","바오하우스","restaurant","","","","+82 10-4888-1041","부산진구 서전로 38번길 62-9, Busan, 47294, 한국","0.0","0.0","https://guide.michelin.com/kr/ko/busan-region/busan_1025838/restaurant/bao-haus","2026-01-28"
"0","guide","미쉐린 가이드 2025","언양불고기 부산집","restaurant","","","","+82 51-754-1004","수영구 남천바다로 32, Busan, 48304, 한국","0.0","0.0","https://guide.michelin.com/kr/ko/busan-region/busan_1025838/restaurant/eonyang-bulgogi-busanjip","2026-01-28"
"0","guide","미쉐린 가이드 2025","나막집","restaurant","","","","+82 51-746-4882","남구 분포로 145, W 스퀘어 A동 1068호, Busan, 48515, 한국","0.0","0.0","https://guide.michelin.com/kr/ko/busan-region/busan_1025838/restaurant/namakzip","2026-01-28"
"0","guide","미쉐린 가이드 2025","델리봉","restaurant","","","","","수영구 민락로 27번길 4, 3층, Busan, 47560, 한국","0.0","0.0","https://guide.michelin.com/kr/ko/busan-region/busan_1025838/restaurant/delibong","2026-01-28"
"0","guide","미쉐린 가이드 2025","피오또","restaurant","","","","+82 51-744-5309","해운대구 달맞이길 117번가길 219, 2층, Busan, 48105, 한국","0.0","0.0","https://guide.michelin.com/kr/ko/busan-region/busan_1025838/restaurant/fiotto","2026-01-28"
"0","guide","미쉐린 가이드 2025","호라파","restaurant","","","","+82 2-730-0215","종로구 자하문로 37-1, 2층, Seoul, 03040, 한국","0.0","0.0","https://guide.michelin.com/kr/ko/seoul-capital-area/kr-seoul/restaurant/horapa","2026-01-28"
"0","guide","미쉐린 가이드 2025","딤타오","restaurant","","","","+82 51-741-3638","해운대구 우동 1로 25, Busan, 48088, 한국","0.0","0.0","https://guide.michelin.com/kr/ko/busan-region/busan_1025838/restaurant/dim-tao","2026-01-28"
"0","guide","미쉐린 가이드 2025","제로 베이스","restaurant","","","","+82 70-8803-0318","수영구 민락로 33번길 17, 2층, Busan, 48285, 한국","0.0","0.0","https://guide.michelin.com/kr/ko/busan-region/busan_1025838/restaurant/zero-base","2026-01-28"
"0","guide","미쉐린 가이드 2025","담택","restaurant","","","","+82 2-332-4560","마포구 동교로12안길 51, Seoul, 04029, 한국","0.0","0.0","https://guide.michelin.com/kr/ko/seoul-capital-area/kr-seoul/restaurant/damtaek","2026-01-28"
"0","guide","미쉐린 가이드 2025","솔밤","restaurant","","","","+82 70-4405-7788","강남구 학동로 231, 2층, Seoul, 06053, 한국","0.0","0.0","https://guide.michelin.com/kr/ko/seoul-capital-area/kr-seoul/restaurant/solbam","2026-01-28"
"0","guide","미쉐린 가이드 2025","리북방","restaurant","","","","+82 2-720-2345","마포구 마포대로 1길 16, 2층, Seoul, 04165, 한국","0.0","0.0","https://guide.michelin.com/kr/ko/seoul-capital-area/kr-seoul/restaurant/lee-buk-bang","2026-01-28"
"0","guide","미쉐린 가이드 2025","아르프","restaurant","","","","+82 10-5588-1368","영도구 태종로 99번길 35, Busan, 49035, 한국","0.0","0.0","https://guide.michelin.com/kr/ko/busan-region/busan_1025838/restaurant/arp","2026-01-28"
"0","guide","미쉐린 가이드 2025","사루카메","restaurant","","","","","마포구 연남로 15, Seoul, 03990, 한국","0.0","0.0","https://guide.michelin.com/kr/ko/seoul-capital-area/kr-seoul/restaurant/sarukame","2026-01-28"
"0","guide","미쉐린 가이드 2025","레스토랑 주은","restaurant","","","","+82 2-540-8580","서울 종로구 경희궁길 36, 경희당 8층, Seoul, 03175, 한국","0.0","0.0","https://guide.michelin.com/kr/ko/seoul-capital-area/kr-seoul/restaurant/restaurant-jueun","2026-01-28"
"0","guide","미쉐린 가이드 2025","원 디그리 노스","restaurant","","","","+82 70-4333-8884","강남구 학동로 43길 8, Seoul, 06061, 한국","0.0","0.0","https://guide.michelin.com/kr/ko/seoul-capital-area/kr-seoul/restaurant/one-degree-north","2026-01-28"
"0","guide","미쉐린 가이드 2025","정면","restaurant","","","","+82 10-9974-3592","광진구 능동로 13길 88, Seoul, 05012, 한국","0.0","0.0","https://guide.michelin.com/kr/ko/seoul-capital-area/kr-seoul/restaurant/jeongmyeon","2026-01-28"
"0","guide","미쉐린 가이드 2025","셰누 프라이빗 키친","restaurant","","","","+82 70-8624-8907","용산구 녹사평대로 210-6, 3층, Seoul, 04345, 한국","0.0","0.0","https://guide.michelin.com/kr/ko/seoul-capital-area/kr-seoul/restaurant/chez-nous","2026-01-28"
"0","guide","미쉐린 가이드 2025","소수헌","restaurant","","","","+82 10-9694-3368","중구 만리재로 21길 8, Seoul, 04500, 한국","0.0","0.0","https://guide.michelin.com/kr/ko/seoul-capital-area/kr-seoul/restaurant/sosuheon","2026-01-28"
"0","guide","미쉐린 가이드 2025","뛰뚜아멍","restaurant","","","","+82 2-499-9056","성동구 광나루로 11길 20, Seoul, 04801, 한국","0.0","0.0","https://guide.michelin.com/kr/ko/seoul-capital-area/kr-seoul/restaurant/tutoiement","2026-01-28"
"0","guide","미쉐린 가이드 2025","비비재","restaurant","","","","+82 70-8287-1035","수영구 남천바다로 10번길 45, Busan, 48314, 한국","0.0","0.0","https://guide.michelin.com/kr/ko/busan-region/busan_1025838/restaurant/bibijae","2026-01-28"
"0","guide","미쉐린 가이드 2025","스시 마츠모토","restaurant","","","","+82 2-543-4334","강남구 도산대로 75길 24, Seoul, 06015, 한국","0.0","0.0","https://guide.michelin.com/kr/ko/seoul-capital-area/kr-seoul/restaurant/sushi-matsumoto-1195338","2026-01-28"
"0","guide","미쉐린 가이드 2025","코자차","restaurant","","","","+82 10-9023-7771","강남구 학동로 97길 17, Seoul, 06072, 한국","0.0","0.0","https://guide.michelin.com/kr/ko/seoul-capital-area/kr-seoul/restaurant/kojacha","2026-01-28"
"0","guide","미쉐린 가이드 2025","키라메키","restaurant","","","","+82 10-3894-2356","강남구 도산대로 28길 18, Seoul, 06040, 한국","0.0","0.0","https://guide.michelin.com/kr/ko/seoul-capital-area/kr-seoul/restaurant/kirameki","2026-01-28"
"0","guide","미쉐린 가이드 2025","리알토","restaurant","","","","+82 2-544-4761","강남구 삼성로 149길 13, 2층, Seoul, 06063, 한국","0.0","0.0","https://guide.michelin.com/kr/ko/seoul-capital-area/kr-seoul/restaurant/rialto","2026-01-28"
"0","guide","미쉐린 가이드 2025","면서울","restaurant","","","","+82 50-71449-8878","강남구 선릉로 805, Seoul, 06019, 한국","0.0","0.0","https://guide.michelin.com/kr/ko/seoul-capital-area/kr-seoul/restaurant/myeon-seoul","2026-01-28"
"0","guide","미쉐린 가이드 2025","소울","restaurant","","","","+82 2-318-7685","용산구 신흥로 26길 35, 지하 1층, Seoul, 04337, 한국","0.0","0.0","https://guide.michelin.com/kr/ko/seoul-capital-area/kr-seoul/restaurant/soul-dining","2026-01-28"
"0","guide","미쉐린 가이드 2025","꿉당","restaurant","","","","+82 2-545-9600","서초구 강남대로 615, Seoul, 06524, 한국","0.0","0.0","https://guide.michelin.com/kr/ko/seoul-capital-area/kr-seoul/restaurant/ggupdang","2026-01-28"
"0","guide","미쉐린 가이드 2025","차오란","restaurant","","","","+82 51-922-1250","해운대구 달맞이길 30, 시그니엘 부산 5층, Busan, 48099, 한국","0.0","0.0","https://guide.michelin.com/kr/ko/busan-region/busan_1025838/restaurant/chaoran","2026-01-28"
"0","guide","미쉐린 가이드 2025","안씨 막걸리","restaurant","","","","+82 10-9965-5112","용산구 회나무로 3, Seoul, 04343, 한국","0.0","0.0","https://guide.michelin.com/kr/ko/seoul-capital-area/kr-seoul/restaurant/mr-ahn-s-craft-makgeolli-1192580","2026-01-28"
"0","guide","미쉐린 가이드 2025","라망 시크레","restaurant","","","","+82 2-317-4003","중구 퇴계로 67, 레스케이프 호텔 26층, Seoul, 04529, 한국","0.0","0.0","https://guide.michelin.com/kr/ko/seoul-capital-area/kr-seoul/restaurant/l-amant-secret","2026-01-28"
"0","guide","미쉐린 가이드 2025","쉐시몽","restaurant","","","","+82 2-730-1045","용산구 회나무로 66, 3층, Seoul, 04003, 한국","0.0","0.0","https://guide.michelin.com/kr/ko/seoul-capital-area/kr-seoul/restaurant/chez-simon","2026-01-28"
"0","guide","미쉐린 가이드 2025","콘티넨탈","restaurant","","","","+82 2-2230-3369","중구 동호로 249, 신라호텔 23층, Seoul, 04605, 한국","0.0","0.0","https://guide.michelin.com/kr/ko/seoul-capital-area/kr-seoul/restaurant/continental","2026-01-28"
"0","guide","미쉐린 가이드 2025","라연","restaurant","","","","+82 2-2230-3367","중구 동호로 249, 신라호텔 23층, Seoul, 04605, 한국","0.0","0.0","https://guide.michelin.com/kr/ko/seoul-capital-area/kr-seoul/restaurant/la-yeon","2026-01-28"
"0","guide","미쉐린 가이드 2025","팔레드 신","restaurant","","","","+82 2-317-4001","중구 퇴계로 67, 레스케이프 호텔 6층, Seoul, 04529, 한국","0.0","0.0","https://guide.michelin.com/kr/ko/seoul-capital-area/kr-seoul/restaurant/palais-de-chine","2026-01-28"
"0","guide","미쉐린 가이드 2025","제로 컴플렉스","restaurant","","","","+82 2-532-0876","용산구 서빙고로 59길 11-8, Seoul, 04384, 한국","0.0","0.0","https://guide.michelin.com/kr/ko/seoul-capital-area/kr-seoul/restaurant/zero-complex","2026-01-28"
"0","guide","미쉐린 가이드 2025","물랑","restaurant","","","","+82 70-4404-7978","종로구 자하문로 16길 8, Seoul, 03043, 한국","0.0","0.0","https://guide.michelin.com/kr/ko/seoul-capital-area/kr-seoul/restaurant/moulin","2026-01-28"
"0","guide","미쉐린 가이드 2025","에빗","restaurant","","","","+82 70-4231-1022","강남구 도산대로 45길 10-5, Seoul, 06021, 한국","0.0","0.0","https://guide.michelin.com/kr/ko/seoul-capital-area/kr-seoul/restaurant/evett","2026-01-28"
"0","guide","미쉐린 가이드 2025","옳음","restaurant","","","","+82 2-549-2016","강남구 선릉로 152길 37, 3층, Seoul, 06016, 한국","0.0","0.0","https://guide.michelin.com/kr/ko/seoul-capital-area/kr-seoul/restaurant/olh-eum","2026-01-28"
"0","guide","미쉐린 가이드 2025","게방식당","restaurant","","","","+82 10-8479-1107","강남구 선릉로 131길 17, Seoul, 06060, 한국","0.0","0.0","https://guide.michelin.com/kr/ko/seoul-capital-area/kr-seoul/restaurant/gebang-sikdang","2026-01-28"
"0","guide","미쉐린 가이드 2025","익스퀴진","restaurant","","","","+82 2-542-6921","강남구 삼성로 140길 6, Seoul, 06073, 한국","0.0","0.0","https://guide.michelin.com/kr/ko/seoul-capital-area/kr-seoul/restaurant/exquisine","2026-01-28"
"0","guide","미쉐린 가이드 2025","밍글스","restaurant","","","","+82 2-515-7306","강남구 도산대로 67길 19, 2층, Seoul, 06016, 한국","0.0","0.0","https://guide.michelin.com/kr/ko/seoul-capital-area/kr-seoul/restaurant/mingles","2026-01-28"
"0","guide","미쉐린 가이드 2025","진미 평양냉면","restaurant","","","","+82 2-515-3469","강남구 학동로 305-3, Seoul, 06061, 한국","0.0","0.0","https://guide.michelin.com/kr/ko/seoul-capital-area/kr-seoul/restaurant/jinmi-pyungyang-naengmyeon","2026-01-28"
"0","guide","미쉐린 가이드 2025","미나미","restaurant","","","","+82 2-522-0373","서초구 서초대로 58길 31-2, Seoul, 06632, 한국","0.0","0.0","https://guide.michelin.com/kr/ko/seoul-capital-area/kr-seoul/restaurant/minami","2026-01-28"
"0","guide","미쉐린 가이드 2025","하동관","restaurant","","","","+82 2-776-5656","중구 명동 9길 12, Seoul, 04538, 한국","0.0","0.0","https://guide.michelin.com/kr/ko/seoul-capital-area/kr-seoul/restaurant/hadongkwan","2026-01-28"
"0","guide","미쉐린 가이드 2025","우래옥","restaurant","","","","+82 2-2265-0151","중구 창경궁로 62-29, Seoul, 04546, 한국","0.0","0.0","https://guide.michelin.com/kr/ko/seoul-capital-area/kr-seoul/restaurant/woo-lae-oak","2026-01-28"
"0","guide","미쉐린 가이드 2025","금돼지식당","restaurant","","","","+82 10-4484-8750","중구 다산로 149, Seoul, 04607, 한국","0.0","0.0","https://guide.michelin.com/kr/ko/seoul-capital-area/kr-seoul/restaurant/geumdwaeji-sikdang","2026-01-28"
"0","guide","미쉐린 가이드 2025","양양 메밀 막국수","restaurant","","","","+82 2-3482-3738","서초구 동광로 15길 10, Seoul, 06561, 한국","0.0","0.0","https://guide.michelin.com/kr/ko/seoul-capital-area/kr-seoul/restaurant/yangyang-memil-makguksu","2026-01-28"
"0","guide","미쉐린 가이드 2025","우가","restaurant","","","","+82 2-6272-2223","강남구 도산대로 49길 22, 지하 1층, Seoul, 06019, 한국","0.0","0.0","https://guide.michelin.com/kr/ko/seoul-capital-area/kr-seoul/restaurant/wooga","2026-01-28"
"0","guide","미쉐린 가이드 2025","옥동식","restaurant","","","","+82 10-5571-9915","마포구 양화로 7길 44-10, Seoul, 04035, 한국","0.0","0.0","https://guide.michelin.com/kr/ko/seoul-capital-area/kr-seoul/restaurant/okdongsik","2026-01-28"
"0","guide","미쉐린 가이드 2025","필동면옥","restaurant","","","","+82 2-2266-2611","중구 서애로 26, Seoul, 04624, 한국","0.0","0.0","https://guide.michelin.com/kr/ko/seoul-capital-area/kr-seoul/restaurant/pildong-myeonok","2026-01-28"
"0","guide","미쉐린 가이드 2025","평양면옥","restaurant","","","","+82 2-2267-7784","중구 장충단로 207, Seoul, 04615, 한국","0.0","0.0","https://guide.michelin.com/kr/ko/seoul-capital-area/kr-seoul/restaurant/pyeongyang-myeonok","2026-01-28"
"0","guide","미쉐린 가이드 2025","류니끄","restaurant","","","","+82 2-546-9279","강남구 도산대로 45길 8-1, Seoul, 06021, 한국","0.0","0.0","https://guide.michelin.com/kr/ko/seoul-capital-area/kr-seoul/restaurant/ryunique","2026-01-28"
"0","guide","미쉐린 가이드 2025","구복만두","restaurant","","","","+82 2-797-8656","용산구 두텁바위로 7, Seoul, 04335, 한국","0.0","0.0","https://guide.michelin.com/kr/ko/seoul-capital-area/kr-seoul/restaurant/goobok-mandu","2026-01-28"
"0","guide","미쉐린 가이드 2025","역전회관","restaurant","","","","+82 2-703-0019","마포구 토정로 37길 47, Seoul, 04155, 한국","0.0","0.0","https://guide.michelin.com/kr/ko/seoul-capital-area/kr-seoul/restaurant/yukjeon-hoekwan","2026-01-28"
"0","guide","미쉐린 가이드 2025","테이블 포 포","restaurant","","","","+82 2-797-3655","용산구 대사관로 31길 25-12, 5층, Seoul, 04401, 한국","0.0","0.0","https://guide.michelin.com/kr/ko/seoul-capital-area/kr-seoul/restaurant/table-for-four","2026-01-28"
"0","guide","미쉐린 가이드 2025","용금옥","restaurant","","","","+82 2-777-4749","종로구 자하문로 41-2, Seoul, 03036, 한국","0.0","0.0","https://guide.michelin.com/kr/ko/seoul-capital-area/kr-seoul/restaurant/yonggeumok","2026-01-28"
"0","guide","미쉐린 가이드 2025","권숙수","restaurant","","","","+82 2-542-6268","강남구 압구정로 80길 37, 4층, Seoul, 06016, 한국","0.0","0.0","https://guide.michelin.com/kr/ko/seoul-capital-area/kr-seoul/restaurant/kwonsooksoo","2026-01-28"
"0","guide","미쉐린 가이드 2025","레스쁘아 뒤 이부","restaurant","","","","+82 2-517-6034","강남구 도산대로 59길 16, Seoul, 06016, 한국","0.0","0.0","https://guide.michelin.com/kr/ko/seoul-capital-area/kr-seoul/restaurant/l-espoir-du-hibou","2026-01-28"
"0","guide","미쉐린 가이드 2025","부촌육회","restaurant","","","","+82 2-2267-1831","종로구 종로 200-12, Seoul, 03195, 한국","0.0","0.0","https://guide.michelin.com/kr/ko/seoul-capital-area/kr-seoul/restaurant/buchon-yukhoe","2026-01-28"
"0","guide","미쉐린 가이드 2025","스와니예","restaurant","","","","+82 2-3477-9386","강남구 강남대로 652 신사스퀘어 2층 201호, Seoul, 06027, 한국","0.0","0.0","https://guide.michelin.com/kr/ko/seoul-capital-area/kr-seoul/restaurant/soigne","2026-01-28"
"0","guide","미쉐린 가이드 2025","이문설농탕","restaurant","","","","+82 2-733-6526","종로구 우정국로 38-13, Seoul, 03149, 한국","0.0","0.0","https://guide.michelin.com/kr/ko/seoul-capital-area/kr-seoul/restaurant/imun-seolnongtang","2026-01-28"
"0","guide","미쉐린 가이드 2025","꽃밥에피다","restaurant","","","","+82 2-732-0276","종로구 인사동 16길 3-6, Seoul, 03146, 한국","0.0","0.0","https://guide.michelin.com/kr/ko/seoul-capital-area/kr-seoul/restaurant/a-flower-blossom-on-the-rice","2026-01-28"
"0","guide","미쉐린 가이드 2025","정식당","restaurant","","","","+82 2-517-4654","강남구 선릉로 158길 11, Seoul, 06014, 한국","0.0","0.0","https://guide.michelin.com/kr/ko/seoul-capital-area/kr-seoul/restaurant/jungsik511965","2026-01-28"
"0","guide","미쉐린 가이드 2025","호빈","restaurant","","","","+82 2-2270-3141","중구 동호로 287, 앰배서더 서울 풀만 2층, Seoul, 04618, 한국","0.0","0.0","https://guide.michelin.com/kr/ko/seoul-capital-area/kr-seoul/restaurant/haobin","2026-01-28"
"0","guide","미쉐린 가이드 2025","비네토","restaurant","","","","+82 10-2981-8078","수영구 수영로 522번길 55, Busan, 48299, 한국","0.0","0.0","https://guide.michelin.com/kr/ko/busan-region/busan_1025838/restaurant/vigneto","2026-01-28"
"0","guide","미쉐린 가이드 2025","맷돌","restaurant","","","","+82 10-4886-2928","성동구 성덕정길 63, Seoul, 04775, 한국","0.0","0.0","https://guide.michelin.com/kr/ko/seoul-capital-area/kr-seoul/restaurant/mattdol","2026-01-28"
"0","guide","미쉐린 가이드 2025","마테르","restaurant","","","","+82 2-518-5879","강남구 언주로 154길 16 지하 1층, Seoul, 06021, 한국","0.0","0.0","https://guide.michelin.com/kr/ko/seoul-capital-area/kr-seoul/restaurant/mater-1210122","2026-01-28"
"0","guide","미쉐린 가이드 2025","해남천일관","restaurant","","","","+82 2-568-7775","서초구 반포대로 39길 36-1, Seoul, 06578, 한국","0.0","0.0","https://guide.michelin.com/kr/ko/seoul-capital-area/kr-seoul/restaurant/haenam-cheonilgwan","2026-01-28"
"0","guide","미쉐린 가이드 2025","소공간","restaurant","","","","+82 10-5191-9002","해운대구 해운대해변로 298번길 47, 4층, Busan, 48099, 한국","0.0","0.0","https://guide.michelin.com/kr/ko/busan-region/busan_1025838/restaurant/sogonggan","2026-01-28"
"0","guide","미쉐린 가이드 2025","머스트루","restaurant","","","","+82 51-747-2369","해운대구 좌동순환로 433번길 29, Busan, 48114, 한국","0.0","0.0","https://guide.michelin.com/kr/ko/busan-region/busan_1025838/restaurant/mustrue","2026-01-28"
"0","guide","미쉐린 가이드 2025","알고리즘","restaurant","","","","+82 10-3015-3869","강남구 도산대로 49길 8, 2층, Seoul, 06019, 한국","0.0","0.0","https://guide.michelin.com/kr/ko/seoul-capital-area/kr-seoul/restaurant/aelgerizm","2026-01-28"
"0","guide","미쉐린 가이드 2025","해목","restaurant","","","","+82 51-746-3730","해운대구 구남로 24번길 8, Busan, 48094, 한국","0.0","0.0","https://guide.michelin.com/kr/ko/busan-region/busan_1025838/restaurant/haemok","2026-01-28"
"0","guide","미쉐린 가이드 2025","유한","restaurant","","","","+82 70-8691-1509","용산구 대사관로 5길 10-5, Seoul, 04400, 한국","0.0","0.0","https://guide.michelin.com/kr/ko/seoul-capital-area/kr-seoul/restaurant/youhan","2026-01-28"
"0","guide","미쉐린 가이드 2025","소바쥬","restaurant","","","","+82 70-8676-0218","마포구 큰우물로 75, 지하 1층 22호, Seoul, 04158, 한국","0.0","0.0","https://guide.michelin.com/kr/ko/seoul-capital-area/kr-seoul/restaurant/sobajuu","2026-01-28"
"0","guide","미쉐린 가이드 2025","페리지","restaurant","","","","+82 10-6550-8912","강남구 봉은사로 68길 6-5, Seoul, 06153, 한국","0.0","0.0","https://guide.michelin.com/kr/ko/seoul-capital-area/kr-seoul/restaurant/perigee","2026-01-28"
"0","guide","미쉐린 가이드 2025","알트에이","restaurant","","","","+82 2-790-8688","용산구 보광로 109, Seoul, 04391, 한국","0.0","0.0","https://guide.michelin.com/kr/ko/seoul-capital-area/kr-seoul/restaurant/alt-a","2026-01-28"
"0","guide","미쉐린 가이드 2025","서령","restaurant","","","","+82 2-318-8766","중구 소월로 10, Seoul, 04527, 한국","0.0","0.0","https://guide.michelin.com/kr/ko/seoul-capital-area/kr-seoul/restaurant/seoryung","2026-01-28"
"0","guide","미쉐린 가이드 2025","RMW Carne","restaurant","","","","+82 10-5068-4133","용산구 대사관로 5길 12, 2층, Seoul, 04400, 한국","0.0","0.0","https://guide.michelin.com/kr/ko/seoul-capital-area/kr-seoul/restaurant/rmw-carne","2026-01-28"
"0","guide","미쉐린 가이드 2025","야키토리 키유","restaurant","","","","+82 2-702-1120","서울 마포구 도화 4길 31, Seoul, 04169, 한국","0.0","0.0","https://guide.michelin.com/kr/ko/seoul-capital-area/kr-seoul/restaurant/yakitori-kiyu","2026-01-28"
"0","guide","미쉐린 가이드 2025","능동미나리","restaurant","","","","+82 50-71388-1035","용산구 한강대로 40길 28, Seoul, 04386, 한국","0.0","0.0","https://guide.michelin.com/kr/ko/seoul-capital-area/kr-seoul/restaurant/neungdong-minari","2026-01-28"
"0","guide","미쉐린 가이드 2025","산로","restaurant","","","","+82 50-6465-6292","강남구 도산대로 518, 2층, Seoul, 06070, 한국","0.0","0.0","https://guide.michelin.com/kr/ko/seoul-capital-area/kr-seoul/restaurant/sanro","2026-01-28"
"0","guide","미쉐린 가이드 2025","백일평냉","restaurant","","","","+82 51-625-5515","수영구 남천바다로 10번길 29, Busan, 48314, 한국","0.0","0.0","https://guide.michelin.com/kr/ko/busan-region/busan_1025838/restaurant/100-1-pyeongnaeng","2026-01-28"
"0","guide","미쉐린 가이드 2025","에스콘디도","restaurant","","","","+82 2-2038-8994","용산구 한남대로 20길 61-7, 지하 1층, Seoul, 04419, 한국","0.0","0.0","https://guide.michelin.com/kr/ko/seoul-capital-area/kr-seoul/restaurant/escondido","2026-01-28"
"0","guide","미쉐린 가이드 2025","레귬","restaurant","","","","+82 50-71365-1567","강남구 강남대로 652, 신사 스퀘어 2층, Seoul, 06027, 한국","0.0","0.0","https://guide.michelin.com/kr/ko/seoul-capital-area/kr-seoul/restaurant/legume","2026-01-28"
"0","guide","미쉐린 가이드 2025","피리피리","restaurant","","","","+82 10-7997-4143","수영구 무학로 33번길 54, Busan, 48268, 한국","0.0","0.0","https://guide.michelin.com/kr/ko/busan-region/busan_1025838/restaurant/pili-pili","2026-01-28"
"0","guide","미쉐린 가이드 2025","이와","restaurant","","","","+82 10-8543-3356","부산 해운대구 해운대해변로 209번길 13, 2층, Busan, 48093, 한국","0.0","0.0","https://guide.michelin.com/kr/ko/busan-region/busan_1025838/restaurant/iwa","2026-01-28"
"0","guide","미쉐린 가이드 2025","빈호","restaurant","","","","+82 10-9677-2302","강남구 학동로 43길 38, 논현웰스톤 162호, Seoul, 06059, 한국","0.0","0.0","https://guide.michelin.com/kr/ko/seoul-capital-area/kr-seoul/restaurant/vinho","2026-01-28"
"0","guide","미쉐린 가이드 2025","엘픽","restaurant","","","","+82 10-6556-9757","강남구 도산대로 78길 25, Seoul, 06063, 한국","0.0","0.0","https://guide.michelin.com/kr/ko/seoul-capital-area/kr-seoul/restaurant/elpic","2026-01-28"
"0","guide","미쉐린 가이드 2025","알레즈","restaurant","","","","+82 70-8868-1686","용산구 독서당로 89, Seoul, 04419, 한국","0.0","0.0","https://guide.michelin.com/kr/ko/seoul-capital-area/kr-seoul/restaurant/al-aise","2026-01-28"
"0","guide","미쉐린 가이드 2025","이스트","restaurant","","","","+82 70-8855-0470","강남구 언주로 170길 26-6, 3층, Seoul, 06017, 한국","0.0","0.0","https://guide.michelin.com/kr/ko/seoul-capital-area/kr-seoul/restaurant/y-east","2026-01-28"
"0","guide","미쉐린 가이드 2025","구찌 오스테리아 다 마시모 보투라","restaurant","","","","+82 10-4158-3906","강남구 압구정로 462, 5층, Seoul, 06015, 한국","0.0","0.0","https://guide.michelin.com/kr/ko/seoul-capital-area/kr-seoul/restaurant/gucci-osteria-da-massimo-bottura-1203402","2026-01-28"
"0","guide","미쉐린 가이드 2025","시오","restaurant","","","","+82 2-6013-5110","강남구 도산대로 54길 33, Seoul, 06056, 한국","0.0","0.0","https://guide.michelin.com/kr/ko/seoul-capital-area/kr-seoul/restaurant/siio","2026-01-28"
"0","guide","미쉐린 가이드 2025","중화복춘 살롱","restaurant","","","","+82 10-5124-2207","마포구 연남로 10, Seoul, 03989, 한국","0.0","0.0","https://guide.michelin.com/kr/ko/seoul-capital-area/kr-seoul/restaurant/zhonghuafuchun-salon","2026-01-28"
"0","guide","미쉐린 가이드 2025","강민철 레스토랑","restaurant","","","","+82 2-545-2511","강남구 도산대로 63길 18, 5층, Seoul, 06064, 한국","0.0","0.0","https://guide.michelin.com/kr/ko/seoul-capital-area/kr-seoul/restaurant/kang-minchul-restaurant","2026-01-28"
"0","guide","미쉐린 가이드 2025","금수복국","restaurant","","","","+82 51-742-3600","해운대구 중동 1로 43번길 23, Busan, 48095, 한국","0.0","0.0","https://guide.michelin.com/kr/ko/busan-region/busan_1025838/restaurant/kumsu-bokguk","2026-01-28"
"0","guide","미쉐린 가이드 2025","나가하마 만게츠","restaurant","","","","+82 51-731-0886","해운대구 우동 1로 57, Busan, 48088, 한국","0.0","0.0","https://guide.michelin.com/kr/ko/busan-region/busan_1025838/restaurant/nagahama-mangetsu","2026-01-28"
"0","guide","미쉐린 가이드 2025","에쌍스","restaurant","","","","+82 10-8010-5099","서초구 반포대로 4길 12, Seoul, 06719, 한국","0.0","0.0","https://guide.michelin.com/kr/ko/seoul-capital-area/kr-seoul/restaurant/essence-1207862","2026-01-28"
"0","guide","미쉐린 가이드 2025","오프닝","restaurant","","","","+82 2-2088-5844","강남구 도산대로 34길 22, 지하1층, Seoul, 06049, 한국","0.0","0.0","https://guide.michelin.com/kr/ko/seoul-capital-area/kr-seoul/restaurant/opnng","2026-01-28"
"0","guide","미쉐린 가이드 2025","해운대 암소갈비집","restaurant","","","","+82 51-746-0033","해운대구 해운대해변로 333, Busan, 48096, 한국","0.0","0.0","https://guide.michelin.com/kr/ko/busan-region/busan_1025838/restaurant/haeundae-rib-barbecue-restaurant","2026-01-28"
"0","guide","미쉐린 가이드 2025","가겐 바이 최준호","restaurant","","","","+82 2-542-0176","강남구 압구정로 80길 19-1, 2층, Seoul, 06015, 한국","0.0","0.0","https://guide.michelin.com/kr/ko/seoul-capital-area/kr-seoul/restaurant/gaggen","2026-01-28"
"0","guide","미쉐린 가이드 2025","윤서울","restaurant","","","","+82 2-336-3323","강남구 선릉로 805, Seoul, 06019, 한국","0.0","0.0","https://guide.michelin.com/kr/ko/seoul-capital-area/kr-seoul/restaurant/yun","2026-01-28"
"0","guide","미쉐린 가이드 2025","보르고 한남","restaurant","","","","+82 2-6082-2727","용산구 이태원로 54길 31, 3층, Seoul, 04400, 한국","0.0","0.0","https://guide.michelin.com/kr/ko/seoul-capital-area/kr-seoul/restaurant/borgo-hannam","2026-01-28"
"0","guide","미쉐린 가이드 2025","하네","restaurant","","","","+82 10-9773-0887","강남구 언주로 172길 14, Seoul, 06017, 한국","0.0","0.0","https://guide.michelin.com/kr/ko/seoul-capital-area/kr-seoul/restaurant/hane","2026-01-28"
"0","guide","미쉐린 가이드 2025","세븐스도어","restaurant","","","","+82 2-542-3010","강남구 학동로 97길 41, 4층, Seoul, 06072, 한국","0.0","0.0","https://guide.michelin.com/kr/ko/seoul-capital-area/kr-seoul/restaurant/7th-door","2026-01-28"
"0","guide","미쉐린 가이드 2025","디 템포레","restaurant","","","","+82 70-4848-6359","용산구 한남대로 37, Seoul, 04410, 한국","0.0","0.0","https://guide.michelin.com/kr/ko/seoul-capital-area/kr-seoul/restaurant/de-tempore","2026-01-28"
"0","guide","미쉐린 가이드 2025","아웃트로 바이 비토","restaurant","","","","+82 51-758-7123","수영구 민락본동로 19번길 18, Busan, 48087, 한국","0.0","0.0","https://guide.michelin.com/kr/ko/busan-region/busan_1025838/restaurant/outro-by-vito","2026-01-28"
"0","guide","미쉐린 가이드 2025","에그 앤 플라워","restaurant","","","","+82 2-3789-7681","용산구 신흥로 26길 35, 3층, Seoul, 04337, 한국","0.0","0.0","https://guide.michelin.com/kr/ko/seoul-capital-area/kr-seoul/restaurant/egg-flour","2026-01-28"
"0","guide","미쉐린 가이드 2025","현우동","restaurant","","","","+82 2-515-3622","강남구 논현로 149길 53, Seoul, 06039, 한국","0.0","0.0","https://guide.michelin.com/kr/ko/seoul-capital-area/kr-seoul/restaurant/hyun-udon","2026-01-28"
"0","guide","미쉐린 가이드 2025","정육면체","restaurant","","","","+82 70-4179-3819","서대문구 연세로 5다길 22-8, Seoul, 03789, 한국","0.0","0.0","https://guide.michelin.com/kr/ko/seoul-capital-area/kr-seoul/restaurant/tasty-cube","2026-01-28"
"0","guide","미쉐린 가이드 2025","홍연","restaurant","","","","+82 2-317-0494","중구 소공로 106, 웨스틴 조선 호텔 1층, Seoul, 04533, 한국","0.0","0.0","https://guide.michelin.com/kr/ko/seoul-capital-area/kr-seoul/restaurant/hong-yuan","2026-01-28"
"0","guide","미쉐린 가이드 2025","오스테리아 어부","restaurant","","","","+82 51-802-8858","부산진구 동천로 58, Busan, 47297, 한국","0.0","0.0","https://guide.michelin.com/kr/ko/busan-region/busan_1025838/restaurant/osteria-aboo","2026-01-28"
"0","guide","미쉐린 가이드 2025","팔레트","restaurant","","","","+82 51-626-2364","해운대구 달맞이길 65번길 154, 3층, Busan, 48576, 한국","0.0","0.0","https://guide.michelin.com/kr/ko/busan-region/busan_1025838/restaurant/palate","2026-01-28"
"0","guide","미쉐린 가이드 2025","으뜸 이로리바타","restaurant","","","","+82 10-7714-9400","수영구 수영로 408번길 20, Busan, 48308, 한국","0.0","0.0","https://guide.michelin.com/kr/ko/busan-region/busan_1025838/restaurant/eutteum-iroribata","2026-01-28"
"0","guide","미쉐린 가이드 2025","진중 우육면관","restaurant","","","","+82 70-4213-5678","종로구 청계천로 75-2, Seoul, 03190, 한국","0.0","0.0","https://guide.michelin.com/kr/ko/seoul-capital-area/kr-seoul/restaurant/niroumianguan","2026-01-28"
"0","guide","미쉐린 가이드 2025","오부이용","restaurant","","","","+82 2-6401-1048","성동구 독서당로 51길 29-1, Seoul, 04718, 한국","0.0","0.0","https://guide.michelin.com/kr/ko/seoul-capital-area/kr-seoul/restaurant/au-bouillon","2026-01-28"
"0","guide","미쉐린 가이드 2025","알라 프리마","restaurant","","","","+82 2-511-2555","강남구 학동로 17길 13, Seoul, 06045, 한국","0.0","0.0","https://guide.michelin.com/kr/ko/seoul-capital-area/kr-seoul/restaurant/alla-prima","2026-01-28"
"0","guide","미쉐린 가이드 2025","쿠시카와","restaurant","","","","+82 2-579-0538","강남구 논현로 24길 37, Seoul, 06300, 한국","0.0","0.0","https://guide.michelin.com/kr/ko/seoul-capital-area/kr-seoul/restaurant/kushi-kawa","2026-01-28"
"0","guide","미쉐린 가이드 2025","오스테리아 오르조","restaurant","","","","+82 2-322-0801","용산구 한남대로 20길 47, 2층, Seoul, 04419, 한국","0.0","0.0","https://guide.michelin.com/kr/ko/seoul-capital-area/kr-seoul/restaurant/osteria-orzo","2026-01-28"
"0","guide","미쉐린 가이드 2025","소설한남","restaurant","","","","+82 2-797-5995","용산구 한남대로 20길 21-18, 지하 1층, Seoul, 04419, 한국","0.0","0.0","https://guide.michelin.com/kr/ko/seoul-capital-area/kr-seoul/restaurant/soseoul-hannam","2026-01-28"
"0","guide","미쉐린 가이드 2025","서울 다이닝","restaurant","","","","+82 2-6325-6321","중구 동호로 272, 디자인하우스 2층, Seoul, 04617, 한국","0.0","0.0","https://guide.michelin.com/kr/ko/seoul-capital-area/kr-seoul/restaurant/seoul-dining","2026-01-28"
"0","guide","미쉐린 가이드 2025","광화문 국밥","restaurant","","","","+82 2-738-5688","중구 세종대로 21길 53, Seoul, 04519, 한국","0.0","0.0","https://guide.michelin.com/kr/ko/seoul-capital-area/kr-seoul/restaurant/gwanghwamun-gukbap","2026-01-28"
"0","guide","미쉐린 가이드 2025","고료리 켄","restaurant","","","","+82 2-511-7809","강남구 언주로 152길 15-3, 2층, Seoul, 06021, 한국","0.0","0.0","https://guide.michelin.com/kr/ko/seoul-capital-area/kr-seoul/restaurant/goryori-ken","2026-01-28"
"0","guide","미쉐린 가이드 2025","벽제갈비","restaurant","","","","+82 2-415-5522","송파구 양재대로 71길 1-4, Seoul, 05639, 한국","0.0","0.0","https://guide.michelin.com/kr/ko/seoul-capital-area/kr-seoul/restaurant/byeokje-galbi","2026-01-28"
"0","guide","미쉐린 가이드 2025","임병주 산동 칼국수","restaurant","","","","+82 2-3473-7972","서초구 강남대로 37길 65, Seoul, 06734, 한국","0.0","0.0","https://guide.michelin.com/kr/ko/seoul-capital-area/kr-seoul/restaurant/limbyungjoo-sandong-kalguksu","2026-01-28"
"0","guide","미쉐린 가이드 2025","교다이야","restaurant","","","","+82 2-2654-2645","마포구 성지길 39, Seoul, 04083, 한국","0.0","0.0","https://guide.michelin.com/kr/ko/seoul-capital-area/kr-seoul/restaurant/kyodaiya","2026-01-28"
"0","guide","미쉐린 가이드 2025","미미 면가","restaurant","","","","+82 70-4233-5466","강남구 강남대로 160길 29, Seoul, 06028, 한국","0.0","0.0","https://guide.michelin.com/kr/ko/seoul-capital-area/kr-seoul/restaurant/mimi-myeonga","2026-01-28"
"0","guide","미쉐린 가이드 2025","미토우","restaurant","","","","+82 10-7286-9914","강남구 도산대로 70길 24, Seoul, 06064, 한국","0.0","0.0","https://guide.michelin.com/kr/ko/seoul-capital-area/kr-seoul/restaurant/mitou","2026-01-28"
"0","guide","미쉐린 가이드 2025","톡톡","restaurant","","","","+82 2-542-3030","강남구 학동로 97길 41, 3층, Seoul, 06072, 한국","0.0","0.0","https://guide.michelin.com/kr/ko/seoul-capital-area/kr-seoul/restaurant/toc-toc","2026-01-28"
"0","guide","미쉐린 가이드 2025","볼트 스테이크하우스","restaurant","","","","+82 2-544-9235","강남구 압구정로 72길 22, 2층, Seoul, 06015, 한국","0.0","0.0","https://guide.michelin.com/kr/ko/seoul-capital-area/kr-seoul/restaurant/vault-steakhouse","2026-01-28"
"0","guide","미쉐린 가이드 2025","삼원가든","restaurant","","","","+82 2-548-3030","강남구 언주로 835, Seoul, 06023, 한국","0.0","0.0","https://guide.michelin.com/kr/ko/seoul-capital-area/kr-seoul/restaurant/samwon-garden","2026-01-28"
"0","guide","미쉐린 가이드 2025","백년옥","restaurant","","","","+82 2-523-2860","서초구 남부순환로 2407, Seoul, 06719, 한국","0.0","0.0","https://guide.michelin.com/kr/ko/seoul-capital-area/kr-seoul/restaurant/baecnyunok","2026-01-28"
"0","guide","미쉐린 가이드 2025","이치류","restaurant","","","","+82 2-3144-1312","마포구 잔다리로 3안길 44, Seoul, 04043, 한국","0.0","0.0","https://guide.michelin.com/kr/ko/seoul-capital-area/kr-seoul/restaurant/ichiryu","2026-01-28"
"0","guide","미쉐린 가이드 2025","라미띠에","restaurant","","","","+82 2-546-9621","강남구 도산대로 67길 30, 2층, Seoul, 06015, 한국","0.0","0.0","https://guide.michelin.com/kr/ko/seoul-capital-area/kr-seoul/restaurant/l-amitie","2026-01-28"
"0","guide","미쉐린 가이드 2025","자하 손만두","restaurant","","","","+82 2-379-2648","종로구 백석동길 12, Seoul, 03020, 한국","0.0","0.0","https://guide.michelin.com/kr/ko/seoul-capital-area/kr-seoul/restaurant/jaha-son-mandu","2026-01-28"
"0","guide","미쉐린 가이드 2025","화해당","restaurant","","","","+82 2-785-4422","영등포구 국회대로 62길 15, Seoul, 07236, 한국","0.0","0.0","https://guide.michelin.com/kr/ko/seoul-capital-area/kr-seoul/restaurant/hwa-hae-dang","2026-01-28"
"0","guide","미쉐린 가이드 2025","뉴러우멘관즈","restaurant","","","","+82 51-623-0251","수영구 수영로 388번길 25-4, Busan, 48311, 한국","0.0","0.0","https://guide.michelin.com/kr/ko/busan-region/busan_1025838/restaurant/niurou-mian-guan-zi","2026-01-28"
"0","guide","미쉐린 가이드 2025","담미옥","restaurant","","","","+82 10-7704-5318","부산진구 복지로 15, 개금포르투나 상가 103호, Busan, 47328, 한국","0.0","0.0","https://guide.michelin.com/kr/ko/busan-region/busan_1025838/restaurant/damiok","2026-01-28"
"0","guide","미쉐린 가이드 2025","램지","restaurant","","","","+82 10-9406-3135","수영구 광안해변로 284번길 38 3층, Busan, 48285, 한국","0.0","0.0","https://guide.michelin.com/kr/ko/busan-region/busan_1025838/restaurant/ramsey","2026-01-28"
"0","guide","미쉐린 가이드 2025","레썽스","restaurant","","","","+82 10-9585-7050","수영구 광남로 22번길 17, 3층, Busan, 48307, 한국","0.0","0.0","https://guide.michelin.com/kr/ko/busan-region/busan_1025838/restaurant/l-essence","2026-01-28"
"0","guide","미쉐린 가이드 2025","모리","restaurant","","","","+82 51-731-9889","해운대구 구남로 21 경동리인뷰2차 상가 3층 311호, Busan, 48095, 한국","0.0","0.0","https://guide.michelin.com/kr/ko/busan-region/busan_1025838/restaurant/mori","2026-01-28"
"0","guide","미쉐린 가이드 2025","안암","restaurant","","","","+82 10-6874-8818","종로구 북촌로 5길 10, Seoul, 03055, 한국","0.0","0.0","https://guide.michelin.com/kr/ko/seoul-capital-area/kr-seoul/restaurant/anam","2026-01-28"
"0","guide","미쉐린 가이드 2025","야키토리 해공","restaurant","","","","+82 51-758-8333","수영구 민락본동로 19번길 30-5, Busan, 48290, 한국","0.0","0.0","https://guide.michelin.com/kr/ko/busan-region/busan_1025838/restaurant/yakitori-haegong","2026-01-28"
"0","guide","미쉐린 가이드 2025","르도헤","restaurant","","","","+82 51-747-8522","해운대구 마린시티 3로 37, 2층, Busan, 48118, 한국","0.0","0.0","https://guide.michelin.com/kr/ko/busan-region/busan_1025838/restaurant/le-dorer","2026-01-28"
"0","guide","미쉐린 가이드 2025","쉐프곤","restaurant","","","","+82 10-4585-6607","중구 중구로 23번길 12, Busan, 48978, 한국","0.0","0.0","https://guide.michelin.com/kr/ko/busan-region/busan_1025838/restaurant/chef-gon","2026-01-28"
"0","guide","미쉐린 가이드 2025","야키토리 온정","restaurant","","","","+82 10-2281-9293","부산진구 동천로 108번길 9-7, Busan, 47247, 한국","0.0","0.0","https://guide.michelin.com/kr/ko/busan-region/busan_1025838/restaurant/yakitori-onjung","2026-01-28"
"0","guide","미쉐린 가이드 2025","레땅","restaurant","","","","+82 51-807-3636","부산진구 성지로 22, Busan, 47123, 한국","0.0","0.0","https://guide.michelin.com/kr/ko/busan-region/busan_1025838/restaurant/l-etang","2026-01-28"
"0","guide","미쉐린 가이드 2025","차애전 할매 칼국수","restaurant","","","","+82 51-751-9639","연제구 과정로 191번가길 70, Busan, 47558, 한국","0.0","0.0","https://guide.michelin.com/kr/ko/busan-region/busan_1025838/restaurant/cha-ae-jeon-halmae-kalguksu","2026-01-28"
"0","guide","미쉐린 가이드 2025","굿모닝홍콩","restaurant","","","","+82 10-6444-3724","부산진구 서전로 47번길 19, Busan, 47247, 한국","0.0","0.0","https://guide.michelin.com/kr/ko/busan-region/busan_1025838/restaurant/good-morning-hongkong","2026-01-28"
"0","guide","미쉐린 가이드 2025","계월","restaurant","","","","+82 70-8703-0310","성동구 성덕정 3길 8, Seoul, 04774, 한국","0.0","0.0","https://guide.michelin.com/kr/ko/seoul-capital-area/kr-seoul/restaurant/kyewol-gomtang","2026-01-28"
"0","guide","미쉐린 가이드 2025","일 베키오","restaurant","","","","+82 2-302-0944","마포구 월드컵북로 332-12, Seoul, 03930, 한국","0.0","0.0","https://guide.michelin.com/kr/ko/seoul-capital-area/kr-seoul/restaurant/il-vecchio","2026-01-28"
"0","guide","미쉐린 가이드 2025","코르 파스타바","restaurant","","","","+82 10-2366-4570","부산진구 동성로 25번길 13, 2층, Busan, 47305, 한국","0.0","0.0","https://guide.michelin.com/kr/ko/busan-region/busan_1025838/restaurant/cor-pasta-bar","2026-01-28"
"0","guide","미쉐린 가이드 2025","동경밥상","restaurant","","","","+82 70-7576-1428","수영구 남천바다로 34-6, Busan, 48304, 한국","0.0","0.0","https://guide.michelin.com/kr/ko/busan-region/busan_1025838/restaurant/tokyo-babsang","2026-01-28"
"0","guide","미쉐린 가이드 2025","레스토랑 알렌","restaurant","","","","+82 2-6985-7214","강남구 테헤란로 231, 센터필드 East 2층 E205호, Seoul, 06142, 한국","0.0","0.0","https://guide.michelin.com/kr/ko/seoul-capital-area/kr-seoul/restaurant/restaurant-allen","2026-01-28"
"0","guide","미쉐린 가이드 2025","안목","restaurant","","","","+82 70-8778-0519","수영구 광남로 22번길 3, Busan, 48307, 한국","0.0","0.0","https://guide.michelin.com/kr/ko/busan-region/busan_1025838/restaurant/anmok","2026-01-28"
"0","guide","미쉐린 가이드 2025","부다면옥","restaurant","","","","+82 51-746-8872","해운대구 중동 1로 36, 2층, Busan, 48095, 한국","0.0","0.0","https://guide.michelin.com/kr/ko/busan-region/busan_1025838/restaurant/buda-myeonoak","2026-01-28"
"0","guide","미쉐린 가이드 2025","르오뇽","restaurant","","","","+82 10-9033-9187","강남구 도산대로 17길 29, Seoul, 06033, 한국","0.0","0.0","https://guide.michelin.com/kr/ko/seoul-capital-area/kr-seoul/restaurant/l-oignon","2026-01-28"
"0","guide","미쉐린 가이드 2025","이타닉 가든","restaurant","","","","+82 2-727-7610","강남구 테헤란로 231, 조선팰리스 호텔 36층, Seoul, 06142, 한국","0.0","0.0","https://guide.michelin.com/kr/ko/seoul-capital-area/kr-seoul/restaurant/eatanic-garden","2026-01-28"
"0","guide","미쉐린 가이드 2025","기가스","restaurant","","","","+82 2-3448-9929","중구 퇴계로 6가길 30, 3층, Seoul, 04635, 한국","0.0","0.0","https://guide.michelin.com/kr/ko/seoul-capital-area/kr-seoul/restaurant/gigas","2026-01-28"
